{
"type": "FeatureCollection",
"name": "Jalan_Ganjil_Genap",
"features": [
{ "type": "Feature", "properties": { "NAMOBJ": "Jalan Suryopranoto", "SRS_ID": "EPSG 32748", "FCODE": "CA02010160", "KOTA": "Kota Administrasi Jakarta Pusat", "PERIODE": 2025, "METADATA": "PEMBATASANLALIN5000DKIJAKARTA" }, "geometry": { "type": "MultiLineString", "coordinates": [ [ [ 106.8147574, -6.170259 ], [ 106.8148095, -6.1702511 ], [ 106.8152927, -6.1701782 ], [ 106.8153875, -6.1701639 ], [ 106.8159404, -6.1700805 ], [ 106.8159982, -6.1700708 ], [ 106.8162335, -6.1700314 ], [ 106.8162891, -6.1700221 ], [ 106.8163732, -6.170008 ], [ 106.8164129, -6.1700013 ], [ 106.8167828, -6.1699393 ], [ 106.8173124, -6.1698506 ], [ 106.8173577, -6.169844 ], [ 106.8174379, -6.1698289 ], [ 106.8178788, -6.1697471 ], [ 106.8178936, -6.1697432 ], [ 106.8182511, -6.1696641 ], [ 106.8185757, -6.1695797 ], [ 106.8187665, -6.1695257 ], [ 106.8188856, -6.1694897 ], [ 106.8190622, -6.1694149 ], [ 106.8192373, -6.1692989 ], [ 106.8194055, -6.1691149 ], [ 106.8194442, -6.1690622 ], [ 106.8195323, -6.1689483 ], [ 106.8195739, -6.1688963 ], [ 106.8197132, -6.168722 ], [ 106.8198548, -6.168552 ], [ 106.8204849, -6.1679173 ], [ 106.8205871, -6.1678044 ], [ 106.820654, -6.167713 ], [ 106.8206923, -6.1676608 ] ], [ [ 106.8207598, -6.167831 ], [ 106.820752, -6.1678412 ], [ 106.8206796, -6.1679358 ], [ 106.8200054, -6.168626 ], [ 106.8198137, -6.1688616 ], [ 106.8196516, -6.169069 ], [ 106.8195306, -6.1692307 ], [ 106.8195104, -6.1692592 ], [ 106.8193709, -6.1694016 ], [ 106.819217, -6.1695237 ], [ 106.8191189, -6.1695835 ], [ 106.8189991, -6.1696327 ], [ 106.8187494, -6.1697067 ], [ 106.8182235, -6.1698375 ], [ 106.8180069, -6.1698813 ], [ 106.8176701, -6.1699438 ], [ 106.817341, -6.1700026 ], [ 106.8170827, -6.1700505 ], [ 106.8167168, -6.1701227 ], [ 106.8159706, -6.1702521 ], [ 106.8148427, -6.1704257 ], [ 106.8148005, -6.1704322 ] ] ] } },
{ "type": "Feature", "properties": { "NAMOBJ": "Jalan Balikpapan", "SRS_ID": "EPSG 32748", "FCODE": "CA02010160", "KOTA": "Kota Administrasi Jakarta Pusat", "PERIODE": 2025, "METADATA": "PEMBATASANLALIN5000DKIJAKARTA" }, "geometry": { "type": "MultiLineString", "coordinates": [ [ [ 106.8108238, -6.1709392 ], [ 106.8108799, -6.1709334 ], [ 106.8110715, -6.1709138 ], [ 106.8111008, -6.1709105 ], [ 106.8111138, -6.170909 ], [ 106.8111253, -6.1709075 ], [ 106.8113064, -6.1708846 ], [ 106.8124345, -6.1706829 ], [ 106.8130151, -6.1705789 ], [ 106.8133548, -6.1705177 ], [ 106.8137599, -6.1704448 ], [ 106.8147219, -6.1702654 ], [ 106.8147574, -6.170259 ] ], [ [ 106.8148005, -6.1704322 ], [ 106.8147602, -6.1704394 ], [ 106.8142995, -6.1705217 ], [ 106.8137985, -6.1706112 ], [ 106.8125252, -6.1708473 ], [ 106.8116516, -6.1709983 ], [ 106.811585, -6.1710095 ], [ 106.8111428, -6.1710848 ], [ 106.8108443, -6.1711216 ] ] ] } },
{ "type": "Feature", "properties": { "NAMOBJ": "Jalan Gunung Sahari", "SRS_ID": "EPSG 32748", "FCODE": "CA02010160", "KOTA": "Kota Administrasi Jakarta Pusat dan Kota Administrasi Jakarta Utara", "PERIODE": 2025, "METADATA": "PEMBATASANLALIN5000DKIJAKARTA" }, "geometry": { "type": "MultiLineString", "coordinates": [ [ [ 106.8309786, -6.1303917 ], [ 106.8310101, -6.1305518 ], [ 106.8310429, -6.13071 ], [ 106.8310678, -6.1308377 ], [ 106.8311391, -6.1312745 ], [ 106.8311824, -6.1314942 ], [ 106.8311872, -6.1315272 ], [ 106.8311677, -6.1315708 ], [ 106.8311846, -6.1316577 ], [ 106.8312196, -6.1318394 ], [ 106.8312366, -6.1319231 ], [ 106.8312504, -6.131978 ], [ 106.8313173, -6.1322086 ], [ 106.8313401, -6.1322496 ], [ 106.8314213, -6.1324441 ], [ 106.8316273, -6.133289 ], [ 106.8316452, -6.1333818 ], [ 106.8316498, -6.1334042 ], [ 106.8316729, -6.133515 ], [ 106.8317752, -6.1338896 ], [ 106.8318144, -6.1340384 ], [ 106.8318258, -6.1340837 ], [ 106.8318314, -6.1341058 ], [ 106.8319308, -6.1345144 ], [ 106.8319382, -6.1345443 ], [ 106.8319727, -6.1346835 ], [ 106.8319821, -6.1347204 ], [ 106.8319927, -6.1347624 ], [ 106.8320229, -6.1348898 ], [ 106.8320618, -6.1350705 ], [ 106.8320748, -6.1351329 ], [ 106.8320771, -6.1351438 ], [ 106.8320792, -6.135153 ], [ 106.8320805, -6.135159 ], [ 106.8321478, -6.1354617 ], [ 106.83216, -6.1355102 ], [ 106.8321891, -6.135635 ], [ 106.83222, -6.1357611 ], [ 106.8322235, -6.1357769 ], [ 106.8322912, -6.1360871 ], [ 106.8323179, -6.1361991 ], [ 106.8323633, -6.1363899 ], [ 106.832426, -6.1366653 ], [ 106.8324612, -6.1368215 ], [ 106.8324887, -6.1369414 ], [ 106.8325448, -6.1371861 ], [ 106.8326215, -6.1375007 ], [ 106.8326962, -6.1378373 ], [ 106.8327612, -6.1381331 ], [ 106.8328122, -6.1383554 ], [ 106.8328506, -6.1385446 ], [ 106.8329508, -6.1390008 ], [ 106.8329937, -6.1391963 ], [ 106.8329964, -6.1392085 ], [ 106.8331147, -6.1396906 ], [ 106.8331411, -6.1398033 ], [ 106.8331739, -6.1399426 ], [ 106.8331866, -6.1399974 ], [ 106.8332677, -6.140347 ], [ 106.8333343, -6.1406341 ], [ 106.8334387, -6.14113 ], [ 106.8334466, -6.1411677 ], [ 106.8334534, -6.1411999 ], [ 106.8334847, -6.1413415 ], [ 106.8335387, -6.1415965 ], [ 106.8335504, -6.1416465 ], [ 106.8335599, -6.1417048 ], [ 106.8335672, -6.1417391 ], [ 106.8335727, -6.1417763 ], [ 106.8335755, -6.1417954 ], [ 106.8335774, -6.1418081 ], [ 106.8335854, -6.1418615 ], [ 106.8336728, -6.1422816 ], [ 106.8337988, -6.1428873 ], [ 106.833903, -6.1433613 ], [ 106.8339509, -6.1435725 ], [ 106.8340371, -6.1438811 ], [ 106.8340503, -6.1439445 ], [ 106.8340579, -6.1439824 ], [ 106.8340862, -6.144123 ], [ 106.8341141, -6.1442619 ], [ 106.8341407, -6.1443882 ], [ 106.8341636, -6.1444977 ], [ 106.8341797, -6.1445744 ], [ 106.834181, -6.1445806 ], [ 106.8341941, -6.1446342 ], [ 106.834232, -6.1447892 ], [ 106.8343571, -6.1453377 ], [ 106.8343793, -6.1454618 ], [ 106.8343963, -6.1455598 ], [ 106.8344056, -6.1456842 ], [ 106.8344159, -6.1458184 ], [ 106.8344105, -6.1458863 ], [ 106.8344075, -6.1462445 ], [ 106.8344037, -6.146448 ], [ 106.8344009, -6.1465411 ], [ 106.8344002, -6.1465653 ], [ 106.8343852, -6.1468993 ], [ 106.8343918, -6.1470739 ], [ 106.83441, -6.1472273 ], [ 106.8344484, -6.14743 ], [ 106.8344554, -6.1474571 ], [ 106.8345003, -6.1476646 ], [ 106.8345263, -6.1477763 ], [ 106.8345823, -6.1480135 ], [ 106.8345993, -6.1480847 ], [ 106.8346924, -6.1483752 ], [ 106.8347746, -6.1486474 ], [ 106.8347922, -6.1487222 ], [ 106.8349056, -6.1491271 ], [ 106.8349292, -6.1492119 ], [ 106.8350425, -6.1496352 ], [ 106.8350941, -6.1498192 ], [ 106.8350977, -6.1498335 ], [ 106.8351565, -6.1500666 ], [ 106.8351974, -6.1502473 ], [ 106.8352141, -6.1503033 ], [ 106.8353402, -6.1507773 ], [ 106.8354555, -6.1512353 ], [ 106.8355693, -6.1516717 ], [ 106.8355789, -6.1517086 ], [ 106.8356063, -6.15182 ], [ 106.8356644, -6.1520563 ], [ 106.8357232, -6.1522885 ], [ 106.835739, -6.1523495 ], [ 106.8357951, -6.1525664 ], [ 106.8358114, -6.1526294 ], [ 106.8358233, -6.1526755 ], [ 106.8358834, -6.1529151 ], [ 106.8358975, -6.1529698 ], [ 106.8359667, -6.1532378 ], [ 106.8360091, -6.153402 ], [ 106.8360607, -6.153602 ], [ 106.8360797, -6.1536757 ], [ 106.8361378, -6.1539007 ], [ 106.8362027, -6.1541582 ], [ 106.8362826, -6.154475 ], [ 106.8363307, -6.1546697 ], [ 106.8364022, -6.1549524 ], [ 106.8364126, -6.1549903 ], [ 106.8364531, -6.155151 ], [ 106.836481, -6.1552615 ], [ 106.8365271, -6.1554425 ], [ 106.8365807, -6.1556459 ], [ 106.8365993, -6.1557285 ], [ 106.8366128, -6.155784 ], [ 106.8366756, -6.156033 ], [ 106.8367045, -6.1561475 ], [ 106.8367224, -6.1562187 ], [ 106.8367955, -6.1565082 ], [ 106.8368093, -6.1565631 ], [ 106.8369159, -6.1569859 ], [ 106.8370026, -6.1573297 ], [ 106.8370527, -6.1575285 ], [ 106.837115, -6.1577753 ], [ 106.837199, -6.1580856 ], [ 106.8372453, -6.1582628 ], [ 106.8372585, -6.1583134 ], [ 106.8373422, -6.1586424 ], [ 106.8374149, -6.1589279 ], [ 106.8374446, -6.1590377 ], [ 106.8374553, -6.1590877 ], [ 106.8374708, -6.1591606 ], [ 106.8374809, -6.1592077 ], [ 106.8375322, -6.1594446 ] ], [ [ 106.8313079, -6.1324799 ], [ 106.8312697, -6.1322547 ], [ 106.8312639, -6.1322222 ], [ 106.8312479, -6.1321578 ], [ 106.831221, -6.1320496 ], [ 106.8311851, -6.1319109 ], [ 106.8311613, -6.1317915 ], [ 106.8311228, -6.1315629 ], [ 106.8311084, -6.131539 ] ], [ [ 106.8311872, -6.1315272 ], [ 106.8312158, -6.1315592 ], [ 106.8312325, -6.1316458 ], [ 106.8312492, -6.1317339 ], [ 106.8312918, -6.1319196 ], [ 106.8313092, -6.1319903 ], [ 106.8313396, -6.1321007 ], [ 106.831366, -6.1321907 ], [ 106.8313791, -6.1322468 ], [ 106.8314213, -6.1324441 ] ], [ [ 106.8405226, -6.1720531 ], [ 106.8405039, -6.1719817 ], [ 106.8403324, -6.1713004 ], [ 106.8402746, -6.1710786 ], [ 106.8401742, -6.1706931 ], [ 106.8401231, -6.1704971 ], [ 106.8400552, -6.1702313 ], [ 106.8399805, -6.1699393 ], [ 106.8399687, -6.1698915 ], [ 106.8399226, -6.1697052 ], [ 106.8398722, -6.1695015 ], [ 106.8397856, -6.1691592 ], [ 106.8396825, -6.1687519 ], [ 106.8395213, -6.1681147 ], [ 106.8395067, -6.1680539 ], [ 106.8394845, -6.1679771 ], [ 106.839318, -6.167311 ], [ 106.8391893, -6.1667964 ], [ 106.8391171, -6.1665078 ], [ 106.8390941, -6.1664287 ], [ 106.8389483, -6.165876 ], [ 106.8389291, -6.1658031 ], [ 106.838874, -6.1655801 ], [ 106.8388268, -6.1654036 ], [ 106.8388016, -6.1652742 ], [ 106.8387523, -6.1650333 ], [ 106.8387311, -6.1649409 ], [ 106.8387207, -6.164896 ], [ 106.8386588, -6.1646265 ], [ 106.838502, -6.1640057 ], [ 106.8384686, -6.1638694 ], [ 106.8384353, -6.1637614 ], [ 106.8383918, -6.1636447 ], [ 106.8383379, -6.1634664 ], [ 106.8382371, -6.1630581 ], [ 106.8381376, -6.1626414 ], [ 106.8380957, -6.1624798 ], [ 106.8379937, -6.1620703 ], [ 106.8379346, -6.1618083 ], [ 106.8378963, -6.1616309 ], [ 106.837846, -6.1613978 ], [ 106.8375783, -6.1603393 ], [ 106.8375103, -6.160061 ], [ 106.8373688, -6.1594783 ], [ 106.837324, -6.1592908 ], [ 106.8373126, -6.1592385 ], [ 106.8372859, -6.1591211 ], [ 106.837273, -6.159066 ], [ 106.8372514, -6.1589733 ], [ 106.8371601, -6.1586174 ], [ 106.8369892, -6.1579512 ], [ 106.8369554, -6.1578136 ], [ 106.8367315, -6.1569325 ], [ 106.8367115, -6.156854 ], [ 106.8366958, -6.1567922 ], [ 106.8366722, -6.1566964 ], [ 106.8366456, -6.1565884 ], [ 106.8365953, -6.1563878 ], [ 106.8365034, -6.1560225 ], [ 106.8363236, -6.1553068 ], [ 106.8361632, -6.1546683 ], [ 106.8359738, -6.1539145 ], [ 106.8359674, -6.1538892 ], [ 106.8356842, -6.1527702 ], [ 106.8356382, -6.1525883 ], [ 106.8354508, -6.1518483 ], [ 106.8354236, -6.1517489 ], [ 106.8352577, -6.1510986 ], [ 106.835247, -6.1510556 ], [ 106.8351156, -6.1505273 ], [ 106.8350587, -6.150284 ], [ 106.8350104, -6.150122 ], [ 106.8349223, -6.1497964 ], [ 106.8347761, -6.1492558 ], [ 106.8347545, -6.1491846 ], [ 106.8346009, -6.1487306 ], [ 106.8345264, -6.148475 ], [ 106.8344631, -6.1482575 ], [ 106.8343425, -6.1477991 ], [ 106.834264, -6.1474918 ], [ 106.8342057, -6.147206 ], [ 106.8341957, -6.1469298 ], [ 106.8342022, -6.1466741 ], [ 106.8342039, -6.1466136 ], [ 106.834208, -6.1464583 ], [ 106.8342181, -6.1463048 ], [ 106.8342193, -6.1462205 ], [ 106.8342334, -6.145803 ], [ 106.834227, -6.1456871 ], [ 106.8342204, -6.145573 ], [ 106.8341922, -6.1453497 ], [ 106.8341823, -6.1452983 ], [ 106.8341737, -6.1452538 ], [ 106.8341591, -6.1451942 ], [ 106.8341325, -6.1450677 ], [ 106.8341148, -6.1449861 ], [ 106.8340686, -6.144754 ], [ 106.8340171, -6.1446181 ], [ 106.8339744, -6.1444252 ], [ 106.8338239, -6.1437608 ], [ 106.8337556, -6.143456 ], [ 106.8336965, -6.1431418 ], [ 106.8336239, -6.1428142 ], [ 106.8334646, -6.1421408 ], [ 106.8334524, -6.1420887 ], [ 106.8333855, -6.1418055 ], [ 106.8333765, -6.1417685 ], [ 106.8333764, -6.1417681 ], [ 106.8333644, -6.1417104 ], [ 106.8333537, -6.1416586 ], [ 106.833346, -6.1416252 ], [ 106.8333376, -6.1415892 ], [ 106.8332767, -6.1412981 ], [ 106.8332521, -6.1411985 ], [ 106.8332446, -6.1411635 ], [ 106.8329632, -6.1398488 ], [ 106.8327392, -6.138882 ], [ 106.8326972, -6.1387131 ], [ 106.8326636, -6.1385599 ], [ 106.8325907, -6.1382238 ], [ 106.8324997, -6.1377786 ], [ 106.8324294, -6.13747 ], [ 106.8324101, -6.1373926 ], [ 106.832355, -6.1371055 ], [ 106.8323298, -6.1369745 ], [ 106.8323172, -6.1369182 ], [ 106.8322453, -6.1365973 ], [ 106.8319995, -6.1355164 ], [ 106.8319329, -6.1351614 ], [ 106.8319238, -6.1351069 ], [ 106.8319109, -6.1350478 ], [ 106.8319017, -6.1350091 ], [ 106.8318645, -6.1348528 ], [ 106.8318279, -6.1347181 ], [ 106.8318089, -6.1346486 ], [ 106.8317843, -6.1345448 ], [ 106.8316203, -6.1339363 ], [ 106.83158, -6.1337423 ], [ 106.8315208, -6.1334392 ], [ 106.8315174, -6.1334222 ], [ 106.831388, -6.1328176 ], [ 106.8313842, -6.1328 ], [ 106.8313079, -6.1324799 ], [ 106.8312318, -6.1322575 ], [ 106.8311957, -6.132104 ], [ 106.8311348, -6.1318596 ], [ 106.8311239, -6.131805 ], [ 106.8310987, -6.1315749 ], [ 106.8310975, -6.1315625 ], [ 106.8311084, -6.131539 ], [ 106.8310818, -6.131438 ], [ 106.8310563, -6.1313018 ], [ 106.8309673, -6.1307177 ], [ 106.8309418, -6.1305608 ], [ 106.8309115, -6.1304019 ], [ 106.8308992, -6.1303393 ], [ 106.8308965, -6.1303258 ] ], [ [ 106.8375313, -6.1594421 ], [ 106.8375794, -6.1596364 ], [ 106.8376146, -6.1597784 ], [ 106.8376455, -6.1599031 ], [ 106.8377216, -6.1602105 ], [ 106.8377548, -6.1603442 ], [ 106.8377712, -6.1604103 ], [ 106.8378105, -6.160569 ], [ 106.8378278, -6.1606392 ], [ 106.8378841, -6.1608661 ], [ 106.8378941, -6.1609067 ], [ 106.837916, -6.160995 ], [ 106.8380212, -6.1614196 ], [ 106.838123, -6.1618306 ], [ 106.8382408, -6.1623051 ], [ 106.838252, -6.1623504 ], [ 106.8383133, -6.1625988 ], [ 106.8383631, -6.1627975 ], [ 106.838412, -6.1629973 ], [ 106.8384663, -6.1632418 ], [ 106.8384928, -6.1633478 ], [ 106.8385602, -6.1636011 ], [ 106.8385803, -6.1636835 ] ], [ [ 106.8385803, -6.163684 ], [ 106.8386569, -6.163959 ], [ 106.8386935, -6.1640813 ], [ 106.8388213, -6.1645861 ], [ 106.8389407, -6.1650777 ], [ 106.8390716, -6.1656074 ], [ 106.8391146, -6.1657768 ], [ 106.8391562, -6.1659375 ], [ 106.8391913, -6.1660672 ], [ 106.8393123, -6.1665965 ], [ 106.8393491, -6.1667354 ], [ 106.8393942, -6.1669093 ], [ 106.8395138, -6.1673905 ], [ 106.8395377, -6.1674785 ], [ 106.8396002, -6.1677093 ], [ 106.8396176, -6.1677734 ], [ 106.8396632, -6.167937 ], [ 106.8396866, -6.1680178 ] ], [ [ 106.8396867, -6.1680184 ], [ 106.8397647, -6.1683581 ], [ 106.8398691, -6.1687928 ], [ 106.8398913, -6.1688859 ], [ 106.8399067, -6.1689507 ], [ 106.8399385, -6.1690686 ], [ 106.839955, -6.1691382 ], [ 106.8399735, -6.169216 ], [ 106.8400716, -6.1695847 ], [ 106.8400904, -6.1696571 ], [ 106.8401031, -6.1697153 ], [ 106.8401173, -6.1697801 ], [ 106.8401319, -6.1698468 ], [ 106.8401436, -6.1698949 ], [ 106.8401638, -6.1699762 ], [ 106.8401834, -6.1700547 ], [ 106.8402271, -6.1702235 ], [ 106.8402681, -6.170379 ], [ 106.8403054, -6.1705207 ], [ 106.8403483, -6.1706767 ], [ 106.8405213, -6.171371 ], [ 106.8406393, -6.1718585 ], [ 106.8406538, -6.1719148 ] ] ] } },
{ "type": "Feature", "properties": { "NAMOBJ": "Jalan H.R. Rasuna Said", "SRS_ID": "EPSG 32748", "FCODE": "CA02010160", "KOTA": "Kota Administrasi Jakarta Selatan", "PERIODE": 2025, "METADATA": "PEMBATASANLALIN5000DKIJAKARTA" }, "geometry": { "type": "MultiLineString", "coordinates": [ [ [ 106.8273097, -6.2365137 ], [ 106.8277238, -6.2358764 ], [ 106.8280978, -6.2353851 ], [ 106.828425, -6.23502 ], [ 106.8291763, -6.2345918 ], [ 106.8299677, -6.2341935 ], [ 106.8307424, -6.2337819 ], [ 106.8313067, -6.233357 ], [ 106.8318409, -6.2328259 ], [ 106.8324219, -6.2319894 ], [ 106.832856, -6.2309073 ], [ 106.8331298, -6.2299513 ], [ 106.8331432, -6.2294401 ], [ 106.833023, -6.2276476 ], [ 106.8329028, -6.2257954 ], [ 106.8328138, -6.2250341 ], [ 106.8327492, -6.2244809 ], [ 106.8325822, -6.2234253 ], [ 106.8323886, -6.2226751 ], [ 106.8319077, -6.2207631 ], [ 106.8314536, -6.2197407 ], [ 106.8311264, -6.2187449 ], [ 106.8306789, -6.2169988 ], [ 106.8304919, -6.215193 ], [ 106.8303717, -6.2130818 ], [ 106.8303116, -6.210798 ], [ 106.8301513, -6.2094702 ], [ 106.8298482, -6.2082648 ], [ 106.8298308, -6.2081955 ], [ 106.8294969, -6.2073855 ], [ 106.8291296, -6.206695 ], [ 106.8287422, -6.206051 ], [ 106.8282614, -6.2052743 ], [ 106.8279408, -6.2046303 ], [ 106.827834, -6.2040394 ] ], [ [ 106.8279943, -6.2040593 ], [ 106.8280143, -6.2044112 ], [ 106.8284217, -6.2052344 ], [ 106.829163, -6.2062967 ], [ 106.8295637, -6.2071 ], [ 106.830138, -6.2084278 ], [ 106.8303283, -6.2090054 ], [ 106.8305754, -6.2106121 ], [ 106.8306088, -6.2118801 ], [ 106.8305888, -6.2128893 ], [ 106.8306956, -6.2146818 ], [ 106.8308292, -6.2163681 ], [ 106.8312299, -6.2183133 ], [ 106.8315905, -6.2194486 ], [ 106.8320379, -6.220471 ], [ 106.8322917, -6.2212411 ], [ 106.8327592, -6.2232328 ], [ 106.8329595, -6.2240759 ], [ 106.833053, -6.2253041 ], [ 106.8331532, -6.2267713 ], [ 106.83322, -6.2273024 ], [ 106.8332734, -6.2278933 ], [ 106.8333402, -6.2288293 ], [ 106.8333869, -6.2296857 ], [ 106.8332601, -6.2304293 ], [ 106.8330196, -6.2311927 ], [ 106.832639, -6.2320823 ], [ 106.8322717, -6.2326334 ], [ 106.8316853, -6.2333163 ], [ 106.8309506, -6.2338607 ], [ 106.830196, -6.2343055 ], [ 106.829221, -6.2347769 ], [ 106.8287936, -6.2350424 ], [ 106.8284463, -6.2352748 ], [ 106.8282126, -6.2355536 ], [ 106.8278653, -6.236005 ], [ 106.8275381, -6.2364963 ], [ 106.8274579, -6.2366158 ] ], [ [ 106.8298508, -6.2082685 ], [ 106.8298482, -6.2082648 ], [ 106.8296638, -6.2080029 ], [ 106.8294167, -6.207432 ], [ 106.8291897, -6.2070336 ], [ 106.8289493, -6.206622 ], [ 106.8288758, -6.2062768 ] ], [ [ 106.8329362, -6.2265522 ], [ 106.8328694, -6.2263199 ], [ 106.8328627, -6.2259082 ], [ 106.8327959, -6.2253307 ], [ 106.8328138, -6.2250341 ], [ 106.832816, -6.2249987 ] ], [ [ 106.833033, -6.2249124 ], [ 106.8330931, -6.2250253 ], [ 106.8331399, -6.2254037 ], [ 106.8331933, -6.2262402 ], [ 106.83324, -6.2268642 ], [ 106.8332, -6.2270236 ] ] ] } },
{ "type": "Feature", "properties": { "NAMOBJ": "Jalan Jenderal Sudirman", "SRS_ID": "EPSG 32748", "FCODE": "CA02010160", "KOTA": "Kota Administrasi Jakarta Pusat dan Kota Administrasi Jakarta Selatan", "PERIODE": 2025, "METADATA": "PEMBATASANLALIN5000DKIJAKARTA" }, "geometry": { "type": "MultiLineString", "coordinates": [ [ [ 106.7999188, -6.2286172 ], [ 106.8000482, -6.2285006 ], [ 106.8002756, -6.2282956 ], [ 106.8005197, -6.2280862 ], [ 106.8007674, -6.2278898 ], [ 106.8008203, -6.2278478 ], [ 106.8008813, -6.2278013 ], [ 106.8009476, -6.2277532 ], [ 106.8016823, -6.2272084 ], [ 106.8017603, -6.2271496 ], [ 106.8022834, -6.2267557 ], [ 106.8025684, -6.2265312 ], [ 106.8031338, -6.2260993 ], [ 106.8036738, -6.2256802 ], [ 106.8038271, -6.2255587 ], [ 106.804026, -6.2254009 ], [ 106.8040629, -6.2253705 ], [ 106.8047132, -6.224896 ], [ 106.8047823, -6.2248431 ], [ 106.8056046, -6.2242191 ], [ 106.8056806, -6.2241668 ], [ 106.8064028, -6.2236762 ], [ 106.8070217, -6.2232799 ], [ 106.8075922, -6.2229201 ], [ 106.8082341, -6.2225146 ], [ 106.8088477, -6.2220845 ], [ 106.8089505, -6.2220097 ], [ 106.8091658, -6.2218377 ], [ 106.8096252, -6.2214669 ], [ 106.8097358, -6.2213725 ], [ 106.8097972, -6.2213078 ], [ 106.8105294, -6.2207779 ], [ 106.8121227, -6.2195449 ], [ 106.8127392, -6.2190465 ] ], [ [ 106.8127414, -6.2190437 ], [ 106.8152899, -6.2169911 ], [ 106.815393, -6.2169136 ], [ 106.8155182, -6.2168167 ], [ 106.8155774, -6.2167709 ], [ 106.8158105, -6.2165789 ], [ 106.8158508, -6.2165457 ], [ 106.8162167, -6.2162444 ], [ 106.8164362, -6.2160752 ], [ 106.8166557, -6.215906 ], [ 106.8166899, -6.2158774 ], [ 106.8169454, -6.2156764 ], [ 106.8169843, -6.2156443 ], [ 106.8173264, -6.2153753 ], [ 106.8176802, -6.2150958 ], [ 106.8178928, -6.2149099 ], [ 106.8179511, -6.2148627 ], [ 106.8180433, -6.2148085 ], [ 106.8181472, -6.2147105 ], [ 106.8185753, -6.2142997 ], [ 106.8186977, -6.2141766 ], [ 106.8187341, -6.2141193 ], [ 106.8189519, -6.2138473 ], [ 106.8194759, -6.2131497 ], [ 106.8195811, -6.2129909 ], [ 106.8196866, -6.2128223 ], [ 106.8198159, -6.2126059 ], [ 106.8200768, -6.2121494 ], [ 106.8202114, -6.2118802 ], [ 106.820302, -6.2117048 ], [ 106.8206711, -6.2109639 ], [ 106.820731, -6.2108437 ], [ 106.8211219, -6.2100736 ], [ 106.8212838, -6.209738 ], [ 106.8214457, -6.2094023 ], [ 106.8215556, -6.2091356 ], [ 106.8216696, -6.208789 ], [ 106.8218153, -6.2082488 ], [ 106.8219192, -6.2077205 ], [ 106.8219405, -6.2075604 ], [ 106.8219809, -6.207199 ], [ 106.8220348, -6.2067005 ], [ 106.8220622, -6.2064279 ], [ 106.822074, -6.2063076 ], [ 106.8220925, -6.2061392 ], [ 106.8221182, -6.2059249 ], [ 106.8221489, -6.2056518 ], [ 106.8221933, -6.2052006 ], [ 106.8222272, -6.2049366 ], [ 106.8222496, -6.2047329 ], [ 106.8222542, -6.2046906 ], [ 106.8223201, -6.2042347 ], [ 106.8223953, -6.2038782 ], [ 106.8224415, -6.2035865 ], [ 106.8225169, -6.2032772 ], [ 106.8225487, -6.2031715 ], [ 106.8226164, -6.2029262 ], [ 106.8226572, -6.202758 ], [ 106.8227352, -6.2023773 ], [ 106.8227617, -6.2022481 ], [ 106.8228588, -6.2018083 ], [ 106.8228752, -6.2017341 ], [ 106.8228799, -6.201713 ], [ 106.8228871, -6.2016752 ], [ 106.8229985, -6.2011175 ], [ 106.8230014, -6.2010968 ], [ 106.8230392, -6.2008239 ], [ 106.8230652, -6.2005712 ], [ 106.8230778, -6.2001229 ], [ 106.8230708, -6.1999427 ], [ 106.8230745, -6.1996881 ], [ 106.8230713, -6.1996302 ], [ 106.8230709, -6.1995974 ], [ 106.8230661, -6.1993485 ], [ 106.8230606, -6.1992074 ], [ 106.8230553, -6.1990834 ], [ 106.8230525, -6.1990181 ], [ 106.8230508, -6.1989774 ], [ 106.8230468, -6.198754 ], [ 106.8230462, -6.1987193 ], [ 106.8230447, -6.1986343 ], [ 106.8230456, -6.1985359 ], [ 106.8230329, -6.1978869 ], [ 106.8230323, -6.1977896 ], [ 106.8230317, -6.1976894 ], [ 106.8230309, -6.1975649 ], [ 106.8230309, -6.1975609 ], [ 106.8230287, -6.1974786 ], [ 106.8230282, -6.1974618 ], [ 106.8230239, -6.197302 ], [ 106.8230109, -6.1968279 ], [ 106.8230058, -6.1966303 ], [ 106.8229877, -6.1959222 ], [ 106.8229792, -6.195757 ], [ 106.8229703, -6.1957006 ], [ 106.8229462, -6.1956441 ], [ 106.8228069, -6.1954878 ], [ 106.8227774, -6.1954644 ], [ 106.8226957, -6.1953768 ] ], [ [ 106.8178711, -6.215234 ], [ 106.8179218, -6.2152183 ], [ 106.8179814, -6.215177 ], [ 106.8181293, -6.2150893 ], [ 106.8182709, -6.2150044 ], [ 106.818455, -6.2148521 ], [ 106.8184949, -6.2148133 ], [ 106.8186222, -6.2146219 ], [ 106.8187112, -6.2144925 ], [ 106.8187514, -6.2144005 ], [ 106.818677, -6.2144559 ], [ 106.8186007, -6.2145344 ], [ 106.8182262, -6.214888 ], [ 106.817889, -6.215189 ], [ 106.8178711, -6.215234 ], [ 106.8172291, -6.2157402 ], [ 106.8169269, -6.2159774 ], [ 106.8169208, -6.2159833 ], [ 106.8166889, -6.2161662 ], [ 106.8166722, -6.2161794 ], [ 106.8163751, -6.2164137 ], [ 106.8159091, -6.2167812 ], [ 106.815776, -6.2168861 ], [ 106.8157349, -6.2169185 ], [ 106.8155768, -6.2170432 ], [ 106.8153362, -6.2172329 ], [ 106.8153198, -6.2172458 ], [ 106.8152007, -6.2173398 ], [ 106.8146549, -6.2177701 ], [ 106.8144027, -6.2179691 ], [ 106.8140444, -6.2182516 ], [ 106.8139471, -6.2183283 ], [ 106.8130937, -6.2190013 ], [ 106.8126979, -6.2193134 ], [ 106.8122223, -6.2196776 ], [ 106.8114633, -6.220284 ], [ 106.810708, -6.2208959 ], [ 106.810479, -6.2210814 ], [ 106.8102348, -6.2212776 ], [ 106.8089753, -6.2222736 ], [ 106.8085555, -6.2225634 ], [ 106.8076947, -6.2231244 ], [ 106.8073325, -6.2233477 ], [ 106.8067591, -6.2237129 ], [ 106.8066464, -6.2237874 ], [ 106.8065732, -6.2238357 ], [ 106.8064061, -6.2239514 ], [ 106.8063217, -6.224008 ], [ 106.806234, -6.2240701 ], [ 106.806053, -6.2242003 ], [ 106.8059224, -6.2242956 ], [ 106.8055111, -6.2245928 ], [ 106.8052728, -6.2247767 ], [ 106.8051812, -6.2248461 ], [ 106.8050625, -6.2249385 ], [ 106.8049562, -6.2250121 ], [ 106.8047173, -6.2251937 ], [ 106.8046256, -6.2252594 ], [ 106.804333, -6.2254826 ], [ 106.8042641, -6.225535 ], [ 106.804181, -6.2256019 ], [ 106.8039401, -6.2257798 ], [ 106.8035838, -6.2260498 ], [ 106.8031267, -6.2263903 ], [ 106.8019031, -6.2273184 ], [ 106.8017715, -6.2274167 ], [ 106.8014529, -6.2276581 ], [ 106.8012452, -6.2278119 ], [ 106.8011206, -6.2279141 ], [ 106.8006297, -6.2283013 ], [ 106.8003453, -6.2285355 ], [ 106.8, -6.2288283 ], [ 106.7999437, -6.2288837 ], [ 106.7999096, -6.228925 ], [ 106.7998855, -6.2289576 ], [ 106.7998678, -6.2289999 ], [ 106.7998523, -6.2290479 ], [ 106.7998369, -6.2290919 ], [ 106.7998115, -6.2291841 ], [ 106.7998046, -6.2292243 ], [ 106.7997996, -6.2292563 ], [ 106.799792, -6.2292851 ], [ 106.7997802, -6.2293138 ], [ 106.7997642, -6.2293433 ], [ 106.7997428, -6.2293753 ], [ 106.7997164, -6.2294107 ], [ 106.7996878, -6.2294539 ], [ 106.7996496, -6.2294907 ], [ 106.7996017, -6.2295325 ], [ 106.7995437, -6.2295216 ], [ 106.7994961, -6.2295127 ], [ 106.7994582, -6.2295052 ], [ 106.7994145, -6.2294944 ], [ 106.7993715, -6.2294748 ], [ 106.799334, -6.2294527 ], [ 106.7993115, -6.2294327 ], [ 106.7992876, -6.2294028 ], [ 106.7992666, -6.2293741 ], [ 106.7992403, -6.2293335 ], [ 106.7992259, -6.2293117 ], [ 106.7992073, -6.2292796 ], [ 106.7991865, -6.2292469 ], [ 106.7992284, -6.2291392 ], [ 106.7992818, -6.2290401 ], [ 106.799287, -6.2290349 ], [ 106.7993773, -6.2289444 ], [ 106.7994669, -6.228886 ], [ 106.7995328, -6.2288653 ], [ 106.7996096, -6.2288402 ], [ 106.7996609, -6.2288225 ], [ 106.7997354, -6.228784 ], [ 106.7998284, -6.2286994 ], [ 106.7999188, -6.2286172 ], [ 106.7999075, -6.2286341 ], [ 106.7998591, -6.2287044 ], [ 106.7997854, -6.2288189 ], [ 106.7997703, -6.2288697 ], [ 106.7997564, -6.2289484 ], [ 106.7997635, -6.2290191 ], [ 106.7997686, -6.2290545 ], [ 106.799776, -6.229089 ], [ 106.7998115, -6.2291841 ] ], [ [ 106.8179511, -6.2148627 ], [ 106.817999, -6.2147792 ], [ 106.8180667, -6.2146922 ], [ 106.8181384, -6.2146151 ], [ 106.8184425, -6.214337 ], [ 106.8186709, -6.2141512 ], [ 106.8187341, -6.2141193 ] ], [ [ 106.8227286, -6.1954079 ], [ 106.8228883, -6.1954648 ], [ 106.8229574, -6.1954908 ], [ 106.8230671, -6.1954979 ], [ 106.8231672, -6.1954956 ], [ 106.8233103, -6.1954387 ] ], [ [ 106.822936, -6.1956319 ], [ 106.8229956, -6.1955691 ], [ 106.8230266, -6.1955501 ], [ 106.8230719, -6.1955453 ], [ 106.8231386, -6.1955631 ], [ 106.8232, -6.1956394 ], [ 106.8231912, -6.1956839 ], [ 106.8231874, -6.1958105 ], [ 106.8231924, -6.1960738 ], [ 106.8231956, -6.1962421 ], [ 106.8231966, -6.1962957 ], [ 106.8231995, -6.1963558 ], [ 106.8232095, -6.196562 ], [ 106.8232135, -6.1967116 ], [ 106.8232211, -6.1969916 ], [ 106.8232246, -6.1971232 ], [ 106.8232302, -6.1973306 ], [ 106.8232271, -6.1975175 ], [ 106.8232299, -6.197581 ], [ 106.8232486, -6.1982917 ], [ 106.8232647, -6.1986236 ], [ 106.8232703, -6.1987205 ], [ 106.823274, -6.1988292 ], [ 106.823277, -6.1989618 ], [ 106.8232791, -6.1990539 ], [ 106.8232808, -6.1991242 ], [ 106.8232836, -6.1992495 ], [ 106.8232846, -6.1992927 ], [ 106.8232878, -6.1994317 ], [ 106.8232851, -6.2000421 ], [ 106.8232829, -6.2001327 ], [ 106.8232753, -6.2005737 ], [ 106.8232521, -6.2008881 ], [ 106.8232105, -6.2011555 ], [ 106.8230862, -6.201729 ], [ 106.8229926, -6.2021213 ], [ 106.8229607, -6.202259 ], [ 106.8228758, -6.2026585 ], [ 106.8228284, -6.2028818 ], [ 106.8227936, -6.2030328 ], [ 106.8227473, -6.2032121 ], [ 106.8227189, -6.2033525 ], [ 106.8225357, -6.2042982 ], [ 106.82253, -6.2043405 ], [ 106.8224842, -6.2046511 ], [ 106.8224559, -6.2048971 ], [ 106.8223725, -6.2055847 ], [ 106.8223659, -6.2056584 ], [ 106.8223396, -6.2059495 ], [ 106.8222454, -6.2068689 ], [ 106.8222191, -6.2071188 ], [ 106.8222122, -6.207173 ], [ 106.8221562, -6.2076349 ], [ 106.8221417, -6.20773 ], [ 106.8221247, -6.2078424 ], [ 106.82212, -6.2078743 ], [ 106.822099, -6.2079739 ], [ 106.8220713, -6.2081454 ], [ 106.8219952, -6.20849 ], [ 106.8219027, -6.208813 ], [ 106.8218739, -6.208901 ], [ 106.8218314, -6.2090265 ], [ 106.8216385, -6.2095384 ], [ 106.8215543, -6.2097369 ], [ 106.8213017, -6.2102485 ], [ 106.8211248, -6.2105967 ], [ 106.8210939, -6.2106576 ], [ 106.8210058, -6.2108223 ], [ 106.820902, -6.2110252 ], [ 106.8207484, -6.2113254 ], [ 106.8205943, -6.2116336 ], [ 106.8205629, -6.2116946 ], [ 106.8203901, -6.212039 ], [ 106.8203512, -6.2121101 ], [ 106.8201818, -6.2124394 ], [ 106.820137, -6.2125222 ], [ 106.8199111, -6.2129132 ], [ 106.8198579, -6.2130053 ], [ 106.8197835, -6.2131232 ], [ 106.8197363, -6.2131986 ], [ 106.8195152, -6.2135026 ], [ 106.8194474, -6.2135955 ], [ 106.8192018, -6.2139024 ], [ 106.8191337, -6.2139841 ], [ 106.819102, -6.2140221 ], [ 106.8190185, -6.2141207 ], [ 106.8188926, -6.2142507 ], [ 106.8187514, -6.2144005 ] ], [ [ 106.8233327, -6.1954142 ], [ 106.8232671, -6.1954901 ], [ 106.8232531, -6.1955129 ], [ 106.8232399, -6.1955393 ], [ 106.823226, -6.1955666 ], [ 106.8232151, -6.1955928 ], [ 106.8232005, -6.1956369 ], [ 106.8232, -6.1956394 ], [ 106.8232006, -6.1956402 ] ] ] } },
{ "type": "Feature", "properties": { "NAMOBJ": "Jalan Kramat Raya", "SRS_ID": "EPSG 32748", "FCODE": "CA02010160", "KOTA": "Kota Administrasi Jakarta Pusat", "PERIODE": 2025, "METADATA": "PEMBATASANLALIN5000DKIJAKARTA" }, "geometry": { "type": "LineString", "coordinates": [ [ 106.8484551, -6.1926806 ], [ 106.8484363, -6.1926454 ], [ 106.8484157, -6.1926091 ], [ 106.848311, -6.1924098 ], [ 106.8482253, -6.1922477 ], [ 106.8479029, -6.1916733 ], [ 106.847763, -6.191439 ], [ 106.84768, -6.1912973 ], [ 106.847581, -6.1911014 ], [ 106.8475178, -6.1909811 ], [ 106.8474988, -6.190944 ], [ 106.8473973, -6.1907591 ], [ 106.8473359, -6.1906506 ], [ 106.8470974, -6.1902108 ], [ 106.8469593, -6.1899349 ], [ 106.8468348, -6.1897021 ], [ 106.8466671, -6.1894042 ], [ 106.846506, -6.1891286 ], [ 106.8464714, -6.1890687 ], [ 106.8464557, -6.189043 ], [ 106.8462274, -6.1886479 ], [ 106.8461218, -6.188461 ], [ 106.8459773, -6.1882107 ], [ 106.8459499, -6.1881657 ], [ 106.8459047, -6.1880867 ], [ 106.845588, -6.1875485 ], [ 106.8453828, -6.1872025 ], [ 106.8452756, -6.1870254 ], [ 106.845099, -6.1867335 ], [ 106.8450647, -6.1866723 ], [ 106.8448329, -6.1862371 ], [ 106.8446965, -6.1859901 ], [ 106.8446205, -6.1858519 ], [ 106.844525, -6.1856716 ], [ 106.8445151, -6.1856529 ], [ 106.8442541, -6.1852112 ], [ 106.8441841, -6.1850888 ], [ 106.8440477, -6.1848588 ], [ 106.8439318, -6.1846755 ], [ 106.8438964, -6.1846194 ], [ 106.8438387, -6.1845238 ], [ 106.8437598, -6.1843979 ], [ 106.8436083, -6.1841571 ], [ 106.8435421, -6.1840592 ], [ 106.8433695, -6.1837835 ], [ 106.8432683, -6.1836218 ], [ 106.8432005, -6.1835134 ], [ 106.8431489, -6.1834035 ], [ 106.8430536, -6.1832008 ], [ 106.8430317, -6.1831443 ], [ 106.8430052, -6.1830758 ], [ 106.8429744, -6.1829882 ], [ 106.84296, -6.1829475 ], [ 106.842908, -6.1827427 ], [ 106.8428933, -6.1826847 ], [ 106.8428872, -6.1826608 ], [ 106.8428318, -6.1823923 ], [ 106.8428231, -6.1823479 ], [ 106.8428011, -6.1822352 ], [ 106.8426717, -6.1815246 ], [ 106.8425369, -6.1811556 ], [ 106.8423776, -6.1805342 ], [ 106.8423125, -6.1802723 ], [ 106.8421785, -6.179733 ], [ 106.8420755, -6.1792334 ], [ 106.842014, -6.1789668 ], [ 106.8419787, -6.1788135 ], [ 106.8419713, -6.1787813 ], [ 106.841957, -6.1787192 ], [ 106.8419433, -6.178664 ], [ 106.8419302, -6.1786268 ], [ 106.8419087, -6.1785793 ], [ 106.8419955, -6.1785702 ], [ 106.8420424, -6.1785759 ], [ 106.8420626, -6.1785831 ], [ 106.8420854, -6.1785936 ], [ 106.8421251, -6.1786322 ], [ 106.8421472, -6.1786514 ], [ 106.8421722, -6.1786751 ], [ 106.8422501, -6.1787551 ], [ 106.842281, -6.178791 ], [ 106.8423384, -6.178906 ], [ 106.8423547, -6.178975 ], [ 106.8423802, -6.1790824 ], [ 106.8424372, -6.1793591 ], [ 106.8425114, -6.1796993 ], [ 106.8426653, -6.1804599 ], [ 106.8427131, -6.1806912 ], [ 106.8427487, -6.1808589 ], [ 106.8427899, -6.1810405 ], [ 106.8428612, -6.1813244 ], [ 106.842956, -6.1817551 ], [ 106.8429826, -6.1818828 ], [ 106.8430311, -6.18217 ], [ 106.8430466, -6.18224 ], [ 106.8431153, -6.1825536 ], [ 106.8431119, -6.1826184 ], [ 106.8431246, -6.1826639 ], [ 106.8432171, -6.1829197 ], [ 106.8432342, -6.1829651 ], [ 106.8432776, -6.1830782 ], [ 106.8433425, -6.1832485 ], [ 106.8433842, -6.183317 ], [ 106.8434243, -6.1833828 ], [ 106.8434924, -6.1834975 ], [ 106.8435577, -6.1836021 ], [ 106.8437802, -6.1839575 ], [ 106.8438306, -6.1840423 ], [ 106.8439104, -6.1842196 ], [ 106.8439855, -6.184347 ], [ 106.8440194, -6.1844059 ], [ 106.8440546, -6.1844604 ], [ 106.8441323, -6.1845922 ], [ 106.8441494, -6.1846167 ], [ 106.844279, -6.1848212 ], [ 106.844382, -6.1849713 ], [ 106.8446107, -6.1853481 ], [ 106.8447199, -6.1855301 ], [ 106.8449362, -6.1858874 ], [ 106.8450404, -6.1860696 ], [ 106.8450704, -6.1861301 ], [ 106.8451353, -6.1862378 ], [ 106.8453282, -6.1865896 ], [ 106.8453498, -6.1866293 ], [ 106.8454656, -6.1868448 ], [ 106.8456031, -6.1871109 ], [ 106.8460369, -6.1878709 ], [ 106.8461395, -6.1880506 ], [ 106.8463184, -6.1883526 ], [ 106.8464721, -6.1886168 ], [ 106.8466172, -6.1888659 ], [ 106.8467062, -6.1890219 ], [ 106.8467278, -6.1890601 ], [ 106.8469212, -6.189383 ], [ 106.8469587, -6.1894453 ], [ 106.8471638, -6.1898264 ], [ 106.8473041, -6.1900772 ], [ 106.8475926, -6.1906185 ], [ 106.8477278, -6.1908694 ], [ 106.8479207, -6.1912175 ], [ 106.8479605, -6.1912891 ], [ 106.8479754, -6.19132 ], [ 106.8479983, -6.1913662 ], [ 106.8481691, -6.1916986 ], [ 106.8483706, -6.1920827 ], [ 106.8483934, -6.1921254 ], [ 106.8486255, -6.1925594 ] ] } },
{ "type": "Feature", "properties": { "NAMOBJ": "Jalan Letjen S. Parman", "SRS_ID": "EPSG 32748", "FCODE": "CA02010160", "KOTA": "Kota Administrasi Jakarta Barat", "PERIODE": 2025, "METADATA": "PEMBATASANLALIN5000DKIJAKARTA" }, "geometry": { "type": "MultiLineString", "coordinates": [ [ [ 106.7994576, -6.2016619 ], [ 106.7990976, -6.2010268 ], [ 106.7987132, -6.2003056 ], [ 106.7985021, -6.1999074 ], [ 106.7983072, -6.1994041 ], [ 106.7981664, -6.1989763 ], [ 106.797958, -6.1983277 ], [ 106.797709, -6.1974962 ], [ 106.7976332, -6.1971814 ], [ 106.7974329, -6.1963525 ], [ 106.7973408, -6.1958628 ], [ 106.7971365, -6.1949371 ], [ 106.7970932, -6.1942212 ], [ 106.797039, -6.1933547 ], [ 106.7969849, -6.1919285 ], [ 106.7969294, -6.1906327 ], [ 106.7969416, -6.1900878 ], [ 106.7969145, -6.1893612 ], [ 106.796882, -6.1890975 ], [ 106.7968441, -6.1882095 ], [ 106.79679, -6.1865545 ], [ 106.7967846, -6.185957 ], [ 106.796725, -6.1849021 ], [ 106.7966763, -6.1836212 ], [ 106.7965843, -6.1826309 ], [ 106.7965518, -6.1819177 ], [ 106.7964137, -6.1812127 ], [ 106.7963041, -6.1808453 ], [ 106.7962662, -6.1806273 ], [ 106.7962067, -6.1804228 ], [ 106.7961552, -6.1802183 ], [ 106.7960767, -6.1800057 ], [ 106.796001, -6.1797716 ], [ 106.795982, -6.1796747 ] ], [ [ 106.7960064, -6.1796532 ], [ 106.7961247, -6.1799063 ], [ 106.7961336, -6.17989 ], [ 106.7962094, -6.1798227 ], [ 106.7963339, -6.1797985 ], [ 106.7964719, -6.1798362 ], [ 106.7965613, -6.1798738 ] ], [ [ 106.7960767, -6.1799949 ], [ 106.7961247, -6.1799063 ], [ 106.7961498, -6.1799599 ], [ 106.7962906, -6.1802856 ], [ 106.7964016, -6.1806273 ], [ 106.7964611, -6.180953 ], [ 106.7964097, -6.1811844 ] ], [ [ 106.7963844, -6.1794472 ], [ 106.7966185, -6.1800064 ], [ 106.7968525, -6.180631 ], [ 106.7968648, -6.1810392 ], [ 106.7969942, -6.1815658 ], [ 106.7970435, -6.1819557 ], [ 106.7971235, -6.1834518 ], [ 106.797218, -6.1860847 ], [ 106.7972262, -6.1872114 ], [ 106.7973165, -6.1893096 ], [ 106.7973699, -6.1910159 ], [ 106.7974315, -6.1929222 ], [ 106.7975218, -6.1940366 ], [ 106.7977805, -6.1958041 ], [ 106.7981131, -6.1973349 ], [ 106.7984128, -6.1983309 ], [ 106.7992299, -6.200229 ], [ 106.7997172, -6.2012052 ] ] ] } },
{ "type": "Feature", "properties": { "NAMOBJ": "Jalan Majapahit", "SRS_ID": "EPSG 32748", "FCODE": "CA02010160", "KOTA": "Kota Administrasi Jakarta Pusat", "PERIODE": 2025, "METADATA": "PEMBATASANLALIN5000DKIJAKARTA" }, "geometry": { "type": "MultiLineString", "coordinates": [ [ [ 106.8210572, -6.1676673 ], [ 106.8211047, -6.1678152 ], [ 106.8211175, -6.1678579 ], [ 106.8211525, -6.168007 ], [ 106.8215119, -6.1696894 ], [ 106.8215658, -6.1698939 ], [ 106.8216135, -6.1700817 ], [ 106.8216369, -6.1701746 ], [ 106.8216733, -6.1702294 ], [ 106.8217151, -6.170296 ], [ 106.8217341, -6.1703265 ], [ 106.8218012, -6.1704224 ], [ 106.8219391, -6.170602 ], [ 106.8220278, -6.1707039 ], [ 106.8220649, -6.1707377 ], [ 106.8221333, -6.1707958 ], [ 106.8222201, -6.1708768 ], [ 106.8223244, -6.1709415 ], [ 106.8224961, -6.1710128 ], [ 106.8227498, -6.1711026 ], [ 106.8228977, -6.1711589 ], [ 106.8229387, -6.1711935 ], [ 106.822983, -6.1712331 ], [ 106.8230124, -6.1712622 ], [ 106.8230531, -6.1713113 ], [ 106.8229613, -6.1713009 ], [ 106.8228908, -6.1712949 ], [ 106.8227238, -6.1712798 ], [ 106.8226428, -6.1712686 ], [ 106.8224373, -6.1712456 ], [ 106.8223737, -6.1712344 ], [ 106.8223079, -6.1712242 ], [ 106.8221565, -6.1711983 ], [ 106.821946, -6.1711603 ], [ 106.8217307, -6.1711037 ], [ 106.8216715, -6.1710731 ], [ 106.821618, -6.1710377 ], [ 106.8215761, -6.1709965 ], [ 106.821562, -6.1709826 ], [ 106.8215221, -6.170933 ], [ 106.8214585, -6.1708138 ], [ 106.8214236, -6.1706804 ], [ 106.8213848, -6.1705868 ], [ 106.8213401, -6.1704625 ], [ 106.8212235, -6.1699541 ], [ 106.8211835, -6.169757 ], [ 106.8211389, -6.1695382 ], [ 106.8211014, -6.1692781 ], [ 106.8210425, -6.1689546 ], [ 106.8209661, -6.1686382 ], [ 106.8208087, -6.1679866 ], [ 106.8207843, -6.1679088 ], [ 106.8207757, -6.1678814 ], [ 106.8207598, -6.167831 ], [ 106.820748, -6.1678001 ], [ 106.8207311, -6.1677558 ], [ 106.8206923, -6.1676608 ] ], [ [ 106.8215766, -6.1709998 ], [ 106.8215761, -6.1709965 ], [ 106.8215571, -6.1708677 ], [ 106.8215376, -6.1707145 ], [ 106.8215301, -6.1705987 ], [ 106.8215035, -6.1704278 ], [ 106.8214774, -6.1701332 ], [ 106.8214455, -6.1699412 ], [ 106.8213977, -6.1696612 ], [ 106.8213516, -6.1694339 ], [ 106.8212967, -6.1691327 ], [ 106.8212152, -6.168791 ], [ 106.821162, -6.1685621 ], [ 106.8211, -6.1682785 ], [ 106.8210416, -6.168009 ], [ 106.8210044, -6.1678416 ], [ 106.8209645, -6.1676822 ], [ 106.8209344, -6.167581 ], [ 106.8208945, -6.1673712 ] ] ] } },
{ "type": "Feature", "properties": { "NAMOBJ": "Jalan Panglima Polim", "SRS_ID": "EPSG 32748", "FCODE": "CA02010160", "KOTA": "Kota Administrasi Jakarta Selatan", "PERIODE": 2025, "METADATA": "PEMBATASANLALIN5000DKIJAKARTA" }, "geometry": { "type": "MultiLineString", "coordinates": [ [ [ 106.796994, -6.2567015 ], [ 106.7971052, -6.2555861 ], [ 106.7971934, -6.254716 ], [ 106.7972273, -6.2543968 ], [ 106.7972423, -6.2541806 ], [ 106.7973182, -6.2530988 ], [ 106.7973367, -6.2527585 ], [ 106.7973637, -6.2523176 ], [ 106.7973679, -6.2522381 ], [ 106.7974063, -6.2514398 ], [ 106.7974451, -6.2505485 ], [ 106.7974637, -6.2501892 ], [ 106.7974681, -6.2501052 ], [ 106.7974734, -6.2500324 ], [ 106.7974927, -6.2496892 ], [ 106.7974996, -6.2496248 ], [ 106.797573, -6.2489988 ], [ 106.7976092, -6.2486551 ], [ 106.7976357, -6.248454 ], [ 106.7976799, -6.2481339 ], [ 106.7979135, -6.246476 ], [ 106.7979246, -6.2464012 ], [ 106.7979747, -6.2460649 ], [ 106.7979777, -6.246045 ], [ 106.7980018, -6.2458807 ], [ 106.798025, -6.2457474 ], [ 106.7980341, -6.2456947 ], [ 106.7980715, -6.2454307 ], [ 106.7980899, -6.2448547 ], [ 106.7980957, -6.2446732 ], [ 106.7980919, -6.244025 ], [ 106.7980843, -6.2433965 ], [ 106.7981038, -6.2431952 ], [ 106.7981212, -6.2430894 ], [ 106.798152, -6.2430014 ], [ 106.7981614, -6.2429672 ], [ 106.7982733, -6.2427006 ], [ 106.7983088, -6.2425791 ], [ 106.7983311, -6.242458 ], [ 106.7983508, -6.2423417 ], [ 106.798347, -6.2422017 ], [ 106.798345, -6.2413803 ], [ 106.7983482, -6.241133 ], [ 106.7983481, -6.2410564 ], [ 106.7983485, -6.2408686 ], [ 106.7983502, -6.2408021 ], [ 106.7983467, -6.24025 ], [ 106.7983554, -6.2400451 ], [ 106.7983535, -6.2399628 ], [ 106.7983514, -6.2398112 ] ], [ [ 106.7985398, -6.2399347 ], [ 106.798541, -6.2399599 ], [ 106.7985439, -6.2400448 ], [ 106.7985459, -6.240236 ], [ 106.7985485, -6.2403368 ], [ 106.7985511, -6.2404376 ], [ 106.7985518, -6.2406061 ], [ 106.7985527, -6.2408004 ], [ 106.7985528, -6.2408301 ], [ 106.7985535, -6.2413949 ], [ 106.7985541, -6.2418226 ], [ 106.7985551, -6.2420119 ], [ 106.7985549, -6.2421495 ], [ 106.7985575, -6.2422065 ], [ 106.798557, -6.2422685 ], [ 106.7985495, -6.2423262 ], [ 106.7984864, -6.2425587 ], [ 106.7984654, -6.242626 ], [ 106.7984035, -6.2427703 ], [ 106.7982608, -6.2431211 ], [ 106.7982145, -6.243247 ], [ 106.7982038, -6.2433676 ], [ 106.7982088, -6.2437514 ], [ 106.7982084, -6.2438247 ], [ 106.7982138, -6.2444226 ], [ 106.7982132, -6.2444622 ], [ 106.7982143, -6.2448565 ], [ 106.7982091, -6.2450799 ], [ 106.7982086, -6.2450982 ], [ 106.7982052, -6.2452442 ], [ 106.7981828, -6.2454984 ], [ 106.7981506, -6.2457523 ], [ 106.7981339, -6.2458844 ], [ 106.7981038, -6.2460728 ], [ 106.798034, -6.2465089 ], [ 106.7978716, -6.2475673 ], [ 106.7977792, -6.2482447 ], [ 106.797715, -6.2486685 ], [ 106.7975904, -6.2496349 ], [ 106.7975851, -6.2496985 ], [ 106.7975673, -6.2500263 ], [ 106.7975119, -6.2512793 ], [ 106.7975084, -6.2513585 ], [ 106.7975049, -6.2514377 ], [ 106.797453, -6.2523268 ], [ 106.7974177, -6.2531073 ], [ 106.7973772, -6.2537424 ], [ 106.7973154, -6.2545559 ], [ 106.7971933, -6.2559503 ], [ 106.7971086, -6.2566725 ] ] ] } },
{ "type": "Feature", "properties": { "NAMOBJ": "Jalan Pintu Besar Selatan", "SRS_ID": "EPSG 32748", "FCODE": "CA02010160", "KOTA": "Kota Administrasi Jakarta Barat", "PERIODE": 2025, "METADATA": "PEMBATASANLALIN5000DKIJAKARTA" }, "geometry": { "type": "MultiLineString", "coordinates": [ [ [ 106.8148385, -6.1426965 ], [ 106.8147656, -6.142401 ], [ 106.8147206, -6.1422284 ], [ 106.8145573, -6.1415693 ], [ 106.8144754, -6.1412368 ], [ 106.8143894, -6.1408918 ], [ 106.8143337, -6.1406778 ], [ 106.8139677, -6.1394083 ], [ 106.8139497, -6.1393488 ], [ 106.8138527, -6.1390274 ], [ 106.8137586, -6.1387165 ], [ 106.8137319, -6.1386396 ] ], [ [ 106.8138629, -6.1386031 ], [ 106.813884, -6.1386821 ], [ 106.8139471, -6.1388982 ], [ 106.8140653, -6.1393114 ], [ 106.8143007, -6.140124 ], [ 106.8145091, -6.1409054 ], [ 106.8148582, -6.1422494 ], [ 106.8149707, -6.1426636 ], [ 106.8149851, -6.1427125 ] ] ] } },
{ "type": "Feature", "properties": { "NAMOBJ": "Jalan R.S. Fatmawati", "SRS_ID": "EPSG 32748", "FCODE": "CA02010160", "KOTA": "Kota Administrasi Jakarta Selatan", "PERIODE": 2025, "METADATA": "PEMBATASANLALIN5000DKIJAKARTA" }, "geometry": { "type": "MultiLineString", "coordinates": [ [ [ 106.7951828, -6.2924213 ], [ 106.7952062, -6.2914355 ], [ 106.7951761, -6.2907784 ], [ 106.7952362, -6.2901179 ], [ 106.7953364, -6.2897461 ], [ 106.7953497, -6.289537 ], [ 106.7953464, -6.2888102 ], [ 106.7953297, -6.2882758 ], [ 106.7953531, -6.2877979 ], [ 106.7955701, -6.2867623 ], [ 106.795677, -6.286135 ], [ 106.7957905, -6.285292 ], [ 106.7958873, -6.2844158 ], [ 106.7959541, -6.2834001 ], [ 106.7960343, -6.2821123 ], [ 106.7960944, -6.2818501 ], [ 106.7961912, -6.2814352 ], [ 106.7964951, -6.2804661 ], [ 106.7969759, -6.2793973 ], [ 106.7974901, -6.2775718 ], [ 106.7976771, -6.2766922 ], [ 106.7976738, -6.2762276 ], [ 106.7976571, -6.2753513 ], [ 106.7976404, -6.2745249 ], [ 106.797607, -6.2736154 ], [ 106.7975853, -6.2731408 ], [ 106.7975586, -6.2725068 ], [ 106.7975402, -6.2721368 ], [ 106.7974968, -6.2715061 ], [ 106.7974601, -6.2709717 ], [ 106.7974317, -6.2705668 ], [ 106.7974066, -6.2701818 ], [ 106.7973766, -6.2697602 ], [ 106.7973382, -6.2694333 ], [ 106.7972864, -6.2687579 ], [ 106.797253, -6.268328 ], [ 106.797238, -6.2677223 ], [ 106.7972355, -6.2675065 ], [ 106.7972522, -6.2669091 ], [ 106.7972839, -6.2665075 ], [ 106.7973056, -6.2659581 ], [ 106.7973173, -6.2655615 ], [ 106.797314, -6.2651566 ], [ 106.7973157, -6.2649143 ], [ 106.7972973, -6.264511 ], [ 106.7972355, -6.2642554 ], [ 106.797122, -6.2638654 ], [ 106.7970085, -6.2634953 ], [ 106.7968782, -6.2630705 ], [ 106.7967948, -6.26279 ], [ 106.7966979, -6.262468 ], [ 106.7965652, -6.2619021 ], [ 106.7965577, -6.261605 ], [ 106.7965593, -6.2613694 ], [ 106.7966011, -6.2609063 ], [ 106.7966311, -6.2604848 ], [ 106.7966879, -6.2599089 ], [ 106.796723, -6.2595089 ], [ 106.7967647, -6.259099 ], [ 106.7968098, -6.2585746 ], [ 106.7968549, -6.2580667 ], [ 106.7969049, -6.2575938 ], [ 106.79694, -6.2572054 ], [ 106.7969942, -6.2567008 ] ], [ [ 106.7971085, -6.2566727 ], [ 106.7971066, -6.2566911 ], [ 106.7970794, -6.2570461 ], [ 106.7969893, -6.2579257 ], [ 106.7969058, -6.2588385 ], [ 106.796829, -6.259645 ], [ 106.7967655, -6.2603719 ], [ 106.7966921, -6.2611486 ], [ 106.796672, -6.2616133 ], [ 106.7966921, -6.2619286 ], [ 106.7968323, -6.2624464 ], [ 106.7970093, -6.2630572 ], [ 106.7972998, -6.2639467 ], [ 106.7973899, -6.2643151 ], [ 106.7974334, -6.2647898 ], [ 106.79744, -6.2655532 ], [ 106.79742, -6.2663432 ], [ 106.7973833, -6.2670203 ], [ 106.7973599, -6.267704 ], [ 106.7973599, -6.2681588 ], [ 106.7973866, -6.2685106 ], [ 106.7974367, -6.2691147 ], [ 106.7975035, -6.2700308 ], [ 106.7975769, -6.2710696 ], [ 106.797627, -6.2718696 ], [ 106.7977072, -6.2729947 ], [ 106.7977573, -6.2741133 ], [ 106.7977773, -6.2748535 ], [ 106.7977906, -6.275514 ], [ 106.797794, -6.2763072 ], [ 106.797794, -6.2766723 ], [ 106.7977439, -6.2770208 ], [ 106.7974534, -6.2781228 ], [ 106.7971996, -6.279072 ], [ 106.7970059, -6.2796097 ], [ 106.7967589, -6.2801906 ], [ 106.7964951, -6.2808146 ], [ 106.7963615, -6.281256 ], [ 106.7961511, -6.2820493 ], [ 106.7960877, -6.282972 ], [ 106.7960309, -6.2839146 ], [ 106.7959508, -6.2849999 ], [ 106.7958272, -6.2858961 ], [ 106.7957504, -6.2863375 ], [ 106.7956002, -6.287144 ], [ 106.7954633, -6.2877912 ], [ 106.7954299, -6.2882725 ], [ 106.7954599, -6.2892682 ], [ 106.7954366, -6.2898192 ], [ 106.795333, -6.2902075 ], [ 106.7952863, -6.2905693 ], [ 106.7952763, -6.2917475 ], [ 106.7952729, -6.2924345 ] ] ] } },
{ "type": "Feature", "properties": { "NAMOBJ": "Jalan Sisingamangaraja", "SRS_ID": "EPSG 32748", "FCODE": "CA02010160", "KOTA": "Kota Administrasi Jakarta Selatan", "PERIODE": 2025, "METADATA": "PEMBATASANLALIN5000DKIJAKARTA" }, "geometry": { "type": "MultiLineString", "coordinates": [ [ [ 106.7983762, -6.2378025 ], [ 106.7983335, -6.2378714 ], [ 106.7983266, -6.2379124 ], [ 106.7983215, -6.2379639 ], [ 106.7983181, -6.238815 ], [ 106.7983154, -6.2390763 ], [ 106.7983222, -6.2396869 ], [ 106.7983261, -6.2397424 ], [ 106.7983514, -6.2398112 ], [ 106.7983726, -6.2397425 ], [ 106.7983692, -6.2395983 ], [ 106.798365, -6.2390856 ], [ 106.7983684, -6.2388148 ], [ 106.7983762, -6.2378025 ], [ 106.7983713, -6.237477 ], [ 106.7983647, -6.2368449 ], [ 106.7983634, -6.2367875 ], [ 106.7983645, -6.2367131 ], [ 106.7983662, -6.2366614 ], [ 106.798366, -6.2365792 ], [ 106.7983677, -6.2364118 ], [ 106.7983639, -6.2356221 ], [ 106.798362, -6.2352903 ], [ 106.7983516, -6.2349529 ], [ 106.7983472, -6.2347913 ], [ 106.7983389, -6.2330065 ], [ 106.7983421, -6.2323183 ], [ 106.7983585, -6.2319529 ], [ 106.7983953, -6.2315989 ], [ 106.7984267, -6.2313901 ], [ 106.7984603, -6.2312147 ], [ 106.7985457, -6.2309021 ], [ 106.7986164, -6.2306811 ], [ 106.7986963, -6.2304601 ], [ 106.7987725, -6.2302637 ], [ 106.7990662, -6.2296499 ], [ 106.7991004, -6.2295726 ], [ 106.7991432, -6.2294494 ], [ 106.799165, -6.2293328 ], [ 106.7991865, -6.2292469 ] ], [ [ 106.798541, -6.2377015 ], [ 106.7985652, -6.2378152 ], [ 106.7985711, -6.2378951 ], [ 106.7985727, -6.2382694 ], [ 106.798574, -6.2383883 ], [ 106.7985754, -6.238594 ], [ 106.7985756, -6.2388669 ], [ 106.7985795, -6.2390636 ], [ 106.798577, -6.2391787 ], [ 106.7985759, -6.2395825 ], [ 106.7985771, -6.2397438 ], [ 106.7985767, -6.2398096 ], [ 106.7985622, -6.2398824 ], [ 106.7985398, -6.2399347 ] ], [ [ 106.7996017, -6.2295325 ], [ 106.7995343, -6.2295829 ], [ 106.7995164, -6.2295955 ], [ 106.7993795, -6.2297005 ], [ 106.7993028, -6.2297782 ], [ 106.799227, -6.2298833 ], [ 106.7991918, -6.2299429 ], [ 106.7990113, -6.2303298 ], [ 106.7988403, -6.2307592 ], [ 106.798803, -6.2308726 ], [ 106.7987612, -6.2310058 ], [ 106.7987149, -6.2311746 ], [ 106.7986885, -6.231283 ], [ 106.7986674, -6.2313953 ], [ 106.798649, -6.2315176 ], [ 106.7986208, -6.2317082 ], [ 106.7985992, -6.2318871 ], [ 106.7985816, -6.2321193 ], [ 106.7985752, -6.2322801 ], [ 106.7985728, -6.2325752 ], [ 106.7985745, -6.2330247 ], [ 106.7985775, -6.2337306 ], [ 106.7985711, -6.2339706 ], [ 106.7985736, -6.2348087 ], [ 106.7985708, -6.2349415 ], [ 106.7985698, -6.2350771 ], [ 106.7985447, -6.2364824 ], [ 106.7985422, -6.2365817 ], [ 106.7985389, -6.2367118 ], [ 106.7985356, -6.2367838 ], [ 106.7985376, -6.2370224 ], [ 106.798537, -6.2372641 ], [ 106.7985368, -6.2375797 ], [ 106.7985392, -6.2376591 ], [ 106.798541, -6.2377015 ], [ 106.7985238, -6.2378039 ], [ 106.7985202, -6.2378995 ], [ 106.7985197, -6.2380126 ], [ 106.7985196, -6.2382448 ], [ 106.7985183, -6.2383394 ], [ 106.7985168, -6.2384652 ], [ 106.7985144, -6.2388515 ], [ 106.7985111, -6.2392943 ], [ 106.7985107, -6.2393949 ], [ 106.7985104, -6.2394521 ], [ 106.7985139, -6.2396902 ], [ 106.7985139, -6.2398422 ], [ 106.7985397, -6.2399348 ] ] ] } },
{ "type": "Feature", "properties": { "NAMOBJ": "Jalan Stasiun Senen", "SRS_ID": "EPSG 32748", "FCODE": "CA02010160", "KOTA": "Kota Administrasi Jakarta Pusat", "PERIODE": 2025, "METADATA": "PEMBATASANLALIN5000DKIJAKARTA" }, "geometry": { "type": "MultiLineString", "coordinates": [ [ [ 106.8410112, -6.1739648 ], [ 106.8409838, -6.1738575 ], [ 106.8407654, -6.1729897 ], [ 106.8407507, -6.1729349 ], [ 106.8405949, -6.1723288 ], [ 106.8405226, -6.1720531 ] ], [ [ 106.8406538, -6.1719148 ], [ 106.8406871, -6.1720437 ], [ 106.8407998, -6.17248 ], [ 106.8408142, -6.1725357 ], [ 106.840827, -6.1725867 ], [ 106.8408332, -6.1726115 ], [ 106.8408922, -6.1728465 ], [ 106.8410148, -6.1733354 ], [ 106.8411056, -6.1736779 ], [ 106.8411458, -6.1738435 ], [ 106.8412273, -6.1741798 ], [ 106.8414054, -6.1748118 ], [ 106.8414223, -6.1748826 ], [ 106.8414616, -6.1750418 ], [ 106.8414783, -6.1751094 ], [ 106.8415169, -6.1752688 ], [ 106.841556, -6.1754306 ], [ 106.8415779, -6.1755214 ], [ 106.8415808, -6.1755434 ], [ 106.8415781, -6.1756423 ], [ 106.8415762, -6.1757086 ], [ 106.8415952, -6.175817 ], [ 106.8421762, -6.1786489 ], [ 106.8425594, -6.1804972 ], [ 106.8428042, -6.1815197 ], [ 106.8428886, -6.1818682 ], [ 106.8428988, -6.1819105 ], [ 106.8429658, -6.1822847 ], [ 106.843073, -6.1825622 ], [ 106.8431119, -6.1826184 ] ], [ [ 106.8426717, -6.1815246 ], [ 106.8426641, -6.1814542 ], [ 106.8426616, -6.1814313 ], [ 106.8426128, -6.1811821 ], [ 106.8421092, -6.178751 ], [ 106.8415008, -6.1757491 ], [ 106.8414606, -6.1755917 ], [ 106.8414504, -6.1755497 ], [ 106.8413702, -6.175193 ], [ 106.8412933, -6.1748854 ], [ 106.8411482, -6.174575 ], [ 106.8410129, -6.1739615 ] ] ] } },
{ "type": "Feature", "properties": { "NAMOBJ": "Jalan D.I. Panjaitan", "SRS_ID": "EPSG 32748", "FCODE": "CA02010160", "KOTA": "Kota Adminstrasi Jakarta Pusat dan Kota Administrasi Jakarta Timur", "PERIODE": 2025, "METADATA": "PEMBATASANLALIN5000DKIJAKARTA" }, "geometry": { "type": "MultiLineString", "coordinates": [ [ [ 106.8746579, -6.2474186 ], [ 106.8753153, -6.2459092 ], [ 106.8754923, -6.2455042 ], [ 106.8757227, -6.2449765 ], [ 106.8760165, -6.2441865 ], [ 106.8762486, -6.2437267 ], [ 106.8763354, -6.2435624 ], [ 106.8764773, -6.243262 ], [ 106.8767779, -6.2425617 ], [ 106.8771151, -6.2417385 ], [ 106.8773288, -6.2411609 ], [ 106.877449, -6.240829 ], [ 106.877626, -6.2402614 ], [ 106.8778497, -6.2394946 ], [ 106.8779265, -6.239156 ], [ 106.8779232, -6.2386316 ], [ 106.8779006, -6.2382996 ], [ 106.8778097, -6.2378947 ], [ 106.8777312, -6.2375893 ], [ 106.8775534, -6.2369868 ], [ 106.8774649, -6.236708 ], [ 106.8773664, -6.2363694 ], [ 106.877348, -6.2360906 ], [ 106.8773196, -6.2358682 ], [ 106.8772796, -6.2357504 ], [ 106.8772211, -6.2354765 ], [ 106.8771343, -6.2351744 ], [ 106.8770091, -6.2346981 ], [ 106.8769139, -6.2343098 ], [ 106.8768071, -6.2338666 ], [ 106.876737, -6.2335446 ], [ 106.8766577, -6.2332268 ], [ 106.8764773, -6.2325679 ], [ 106.8763755, -6.2322476 ], [ 106.8762703, -6.2317663 ], [ 106.8761701, -6.2313348 ], [ 106.8760833, -6.2309597 ], [ 106.875913, -6.2301995 ], [ 106.8757761, -6.2296651 ], [ 106.8756726, -6.2292004 ], [ 106.8755658, -6.2287622 ], [ 106.8753704, -6.2280021 ], [ 106.8752101, -6.2272369 ], [ 106.8751333, -6.2268253 ], [ 106.8750332, -6.2263673 ], [ 106.8749096, -6.22572 ], [ 106.8748061, -6.2251225 ], [ 106.8746792, -6.224349 ], [ 106.8746024, -6.2237416 ], [ 106.874554, -6.2234146 ], [ 106.8744856, -6.2229681 ], [ 106.8744388, -6.2226096 ], [ 106.8743787, -6.2218429 ], [ 106.8743587, -6.2212719 ], [ 106.8743253, -6.2206097 ], [ 106.8743069, -6.2202379 ], [ 106.8742902, -6.219501 ], [ 106.8742468, -6.2191126 ], [ 106.8741667, -6.218691 ], [ 106.8741266, -6.2180039 ], [ 106.8740865, -6.2172703 ], [ 106.8740531, -6.2165666 ] ], [ [ 106.8752335, -6.2273498 ], [ 106.8751601, -6.2271755 ], [ 106.8750666, -6.2267938 ], [ 106.8749514, -6.2264087 ], [ 106.8748545, -6.2260685 ], [ 106.8747226, -6.2254627 ], [ 106.8746842, -6.2251822 ], [ 106.8746191, -6.2246478 ], [ 106.8745757, -6.2243955 ], [ 106.8744956, -6.223715 ], [ 106.8744639, -6.223403 ], [ 106.8744321, -6.2231109 ], [ 106.8744555, -6.2229715 ], [ 106.8744705, -6.2228769 ] ], [ [ 106.8744919, -6.2165729 ], [ 106.8744997, -6.2167501 ], [ 106.874524, -6.2174595 ], [ 106.8745407, -6.2179674 ], [ 106.8745273, -6.2184653 ], [ 106.8745003, -6.2189054 ], [ 106.8744987, -6.2190648 ], [ 106.8744987, -6.2192175 ], [ 106.8745137, -6.2195142 ], [ 106.8745254, -6.2197482 ], [ 106.8745421, -6.220037 ], [ 106.8745688, -6.2203739 ], [ 106.8745888, -6.2206245 ], [ 106.8745988, -6.2208702 ], [ 106.8746105, -6.2211888 ], [ 106.8746306, -6.2215092 ], [ 106.8746489, -6.2218677 ], [ 106.8746706, -6.2222776 ], [ 106.8747007, -6.2226444 ], [ 106.8747207, -6.2228502 ], [ 106.8747625, -6.2232037 ], [ 106.8747875, -6.2235008 ], [ 106.8748276, -6.2238095 ], [ 106.874866, -6.2241116 ], [ 106.8749094, -6.2244635 ], [ 106.8749478, -6.2247489 ], [ 106.8749929, -6.2250278 ], [ 106.8750446, -6.225363 ], [ 106.8750964, -6.2256568 ], [ 106.8751331, -6.2258477 ], [ 106.8751748, -6.2260584 ], [ 106.8752366, -6.2263555 ], [ 106.8752984, -6.2266344 ], [ 106.8753368, -6.2268418 ], [ 106.8753802, -6.2270543 ], [ 106.875447, -6.2273447 ], [ 106.8755021, -6.2275854 ], [ 106.875634, -6.2281513 ], [ 106.8756991, -6.2284119 ], [ 106.8757876, -6.2287771 ], [ 106.8758677, -6.229119 ], [ 106.8759545, -6.2294409 ], [ 106.8760013, -6.2296119 ], [ 106.8760797, -6.2299339 ], [ 106.8761716, -6.2303106 ], [ 106.8762367, -6.2305878 ], [ 106.8763502, -6.2310259 ], [ 106.8765038, -6.2316102 ], [ 106.8765839, -6.2319554 ], [ 106.8766073, -6.232055 ], [ 106.8766374, -6.2321711 ], [ 106.8767175, -6.2324732 ], [ 106.8768527, -6.233006 ], [ 106.8770147, -6.2336698 ], [ 106.8771549, -6.234337 ], [ 106.8773185, -6.2349777 ], [ 106.8774087, -6.2353528 ], [ 106.8775122, -6.2357743 ], [ 106.8776391, -6.2363054 ], [ 106.8777293, -6.236654 ], [ 106.8778395, -6.2370357 ], [ 106.8779647, -6.2375137 ], [ 106.8780448, -6.2378771 ], [ 106.8781316, -6.2383817 ], [ 106.8781951, -6.2388165 ], [ 106.8782318, -6.2393808 ], [ 106.8782251, -6.2398488 ], [ 106.878135, -6.2403998 ], [ 106.8780982, -6.2408347 ], [ 106.8780515, -6.2412031 ], [ 106.8780281, -6.2415085 ], [ 106.8778779, -6.2419599 ], [ 106.8776775, -6.2423715 ], [ 106.8774872, -6.2427234 ], [ 106.8772034, -6.2430553 ], [ 106.876604, -6.2437739 ], [ 106.8765831, -6.2438098 ], [ 106.8762901, -6.2443133 ], [ 106.8759762, -6.2450353 ], [ 106.8757358, -6.2456328 ], [ 106.8755672, -6.2460377 ], [ 106.8754253, -6.2464111 ], [ 106.8752867, -6.2467381 ], [ 106.8749828, -6.2475297 ] ], [ [ 106.8747477, -6.2474576 ], [ 106.8749864, -6.24691 ], [ 106.8750465, -6.2467788 ], [ 106.8752402, -6.2463191 ], [ 106.8753253, -6.2460967 ], [ 106.8754405, -6.2458395 ], [ 106.8755858, -6.245486 ], [ 106.8759564, -6.244603 ], [ 106.8761701, -6.2440188 ], [ 106.8762503, -6.2437267 ] ], [ [ 106.8757108, -6.2456875 ], [ 106.8756206, -6.2457639 ], [ 106.8754269, -6.2461589 ], [ 106.8751899, -6.2467165 ], [ 106.8750196, -6.2470883 ], [ 106.8748559, -6.2474999 ] ], [ [ 106.8765856, -6.2438088 ], [ 106.8765831, -6.2438098 ], [ 106.8765172, -6.2438353 ], [ 106.876442, -6.243837 ], [ 106.8763869, -6.2437839 ], [ 106.8763502, -6.2437076 ], [ 106.8763252, -6.2436428 ], [ 106.8763118, -6.243608 ] ], [ [ 106.8774574, -6.2408024 ], [ 106.8775776, -6.2407626 ], [ 106.8777395, -6.2407277 ], [ 106.8778781, -6.2407576 ], [ 106.8779532, -6.2408008 ], [ 106.878015, -6.240907 ], [ 106.8780648, -6.2410737 ] ], [ [ 106.8782229, -6.2396572 ], [ 106.8781511, -6.2397336 ], [ 106.8780926, -6.2397734 ], [ 106.8780376, -6.2397867 ], [ 106.8779173, -6.2397319 ], [ 106.8778639, -6.2396622 ], [ 106.8778656, -6.2395626 ], [ 106.8779173, -6.2393651 ], [ 106.8779541, -6.2391477 ], [ 106.8779541, -6.2388091 ], [ 106.877924, -6.238693 ] ] ] } },
{ "type": "Feature", "properties": { "NAMOBJ": "Jalan Jenderal Ahmad Yani", "SRS_ID": "EPSG 32748", "FCODE": "CA02010160", "KOTA": "Kota Adminstrasi Jakarta Pusat dan Kota Administrasi Jakarta Timur", "PERIODE": 2025, "METADATA": "PEMBATASANLALIN5000DKIJAKARTA" }, "geometry": { "type": "MultiLineString", "coordinates": [ [ [ 106.8735595, -6.2049348 ], [ 106.8735596, -6.2048534 ], [ 106.8734481, -6.2043998 ], [ 106.8733054, -6.2038101 ], [ 106.8732278, -6.2034939 ], [ 106.8731709, -6.2030903 ], [ 106.8731112, -6.2026739 ], [ 106.8731131, -6.2021168 ], [ 106.8731736, -6.2011725 ], [ 106.8733228, -6.2000765 ], [ 106.8733538, -6.1998685 ] ], [ [ 106.8735294, -6.20029 ], [ 106.8735914, -6.2004721 ], [ 106.8736058, -6.2006267 ], [ 106.8736083, -6.2009616 ], [ 106.8735808, -6.2017195 ], [ 106.873545, -6.2019104 ], [ 106.8734906, -6.2020874 ], [ 106.8734688, -6.2022393 ], [ 106.873473, -6.2025375 ], [ 106.8735637, -6.203312 ], [ 106.8735934, -6.20347 ], [ 106.8736669, -6.203848 ], [ 106.8737478, -6.2042682 ], [ 106.8737635, -6.2043496 ], [ 106.8737906, -6.2045161 ], [ 106.8738903, -6.2051285 ], [ 106.8739187, -6.2053367 ], [ 106.8739252, -6.2054154 ], [ 106.8739402, -6.2055978 ], [ 106.8739518, -6.2058415 ], [ 106.8739413, -6.2059498 ] ], [ [ 106.8737954, -6.2110981 ], [ 106.8738192, -6.211018 ], [ 106.8738255, -6.2109286 ], [ 106.8738371, -6.21078 ], [ 106.873826, -6.21021 ], [ 106.8738209, -6.2097588 ], [ 106.8738049, -6.2090829 ], [ 106.8737867, -6.2085841 ], [ 106.8737443, -6.2078611 ], [ 106.8737382, -6.2077233 ], [ 106.8737197, -6.2068806 ], [ 106.873718, -6.2066219 ], [ 106.8736975, -6.2063075 ], [ 106.8736777, -6.2057505 ], [ 106.8736495, -6.2056305 ] ], [ [ 106.8740523, -6.2165627 ], [ 106.8739999, -6.2154573 ], [ 106.8739629, -6.2145914 ], [ 106.8739486, -6.2141619 ], [ 106.8738844, -6.2128925 ], [ 106.8738266, -6.2117488 ], [ 106.8737997, -6.2112034 ], [ 106.8737954, -6.2110981 ], [ 106.8737322, -6.210955 ], [ 106.8737185, -6.2108942 ], [ 106.8737151, -6.2106908 ], [ 106.8736995, -6.2097595 ], [ 106.873695, -6.2090837 ], [ 106.873683, -6.2086022 ], [ 106.8736307, -6.2068748 ], [ 106.87361, -6.2065921 ], [ 106.8736066, -6.2065431 ], [ 106.8736053, -6.2062777 ], [ 106.8736106, -6.2057389 ], [ 106.8736448, -6.2056438 ], [ 106.8736495, -6.2056305 ], [ 106.8736447, -6.2055241 ], [ 106.873604, -6.2052067 ], [ 106.8735595, -6.2049348 ], [ 106.8735156, -6.2048647 ], [ 106.8734192, -6.2044186 ], [ 106.8734144, -6.2043991 ], [ 106.8732751, -6.2038275 ], [ 106.8732077, -6.203594 ], [ 106.8731208, -6.2032932 ], [ 106.8730495, -6.2028826 ], [ 106.8730296, -6.2027677 ], [ 106.8729888, -6.2022761 ], [ 106.8730078, -6.2017137 ], [ 106.8730099, -6.2016528 ], [ 106.8730202, -6.2014813 ], [ 106.8730336, -6.2012805 ], [ 106.8730799, -6.2008943 ], [ 106.8730937, -6.2008016 ], [ 106.8731544, -6.2003944 ], [ 106.8732146, -6.2001228 ], [ 106.8732658, -6.1999724 ], [ 106.8733538, -6.1998685 ], [ 106.8734155, -6.1995857 ], [ 106.8736615, -6.1985816 ], [ 106.8737461, -6.1982363 ], [ 106.8738881, -6.1976565 ], [ 106.8739149, -6.197547 ], [ 106.8739244, -6.1975083 ], [ 106.8739555, -6.1973651 ], [ 106.8740376, -6.1969878 ], [ 106.8740493, -6.1969117 ], [ 106.8741216, -6.1964226 ], [ 106.8741856, -6.1960856 ], [ 106.8742799, -6.1956389 ], [ 106.8743577, -6.1951891 ], [ 106.8743757, -6.1951084 ], [ 106.8744227, -6.194932 ], [ 106.8745284, -6.1944842 ], [ 106.8748857, -6.1925283 ], [ 106.8749055, -6.1924199 ], [ 106.8749191, -6.1923394 ], [ 106.8749304, -6.1922726 ], [ 106.874945, -6.1921866 ], [ 106.8749697, -6.1920465 ], [ 106.874998, -6.1918859 ], [ 106.8750161, -6.1917899 ], [ 106.8750986, -6.1911606 ], [ 106.8751757, -6.190414 ], [ 106.8751985, -6.1900553 ], [ 106.8752119, -6.189802 ], [ 106.8752173, -6.189636 ], [ 106.875222, -6.1895453 ], [ 106.8752374, -6.1893387 ], [ 106.8752291, -6.1892907 ], [ 106.8752354, -6.188996 ], [ 106.8752487, -6.1886886 ], [ 106.8752524, -6.188449 ], [ 106.8752537, -6.1883821 ], [ 106.8752546, -6.1883398 ], [ 106.8752585, -6.1880721 ], [ 106.875265, -6.1878166 ], [ 106.875271, -6.1876719 ], [ 106.8752753, -6.1875859 ], [ 106.8752789, -6.1875034 ], [ 106.8752866, -6.1873519 ], [ 106.8753079, -6.1869308 ], [ 106.8753374, -6.1863382 ], [ 106.875348, -6.1861263 ], [ 106.8753501, -6.1860769 ], [ 106.8753623, -6.1858394 ], [ 106.8753736, -6.1855478 ], [ 106.8753772, -6.1854543 ], [ 106.8753813, -6.1851393 ], [ 106.8753916, -6.1849634 ], [ 106.8754013, -6.1847969 ], [ 106.8754047, -6.1846981 ], [ 106.8754077, -6.1846184 ], [ 106.8754118, -6.1844876 ], [ 106.8754142, -6.1844169 ], [ 106.8754139, -6.1842971 ], [ 106.8754075, -6.1840443 ], [ 106.8755116, -6.1838058 ], [ 106.8755203, -6.1837529 ], [ 106.8755351, -6.1833422 ], [ 106.8756653, -6.1807722 ], [ 106.8757128, -6.1798662 ], [ 106.875751, -6.1794115 ], [ 106.8758539, -6.1780563 ], [ 106.8758513, -6.1780053 ], [ 106.8758389, -6.1779573 ], [ 106.8758194, -6.177897 ], [ 106.8758253, -6.1778021 ], [ 106.8758275, -6.1777622 ], [ 106.875839, -6.1776234 ], [ 106.8758505, -6.1774492 ], [ 106.8758556, -6.1773716 ], [ 106.8758571, -6.1773432 ], [ 106.8758704, -6.1771476 ], [ 106.8758914, -6.1769622 ], [ 106.8759479, -6.1764935 ], [ 106.8759548, -6.1764363 ], [ 106.8759864, -6.176198 ], [ 106.8759911, -6.176148 ], [ 106.8760881, -6.1753999 ], [ 106.8761122, -6.1752753 ], [ 106.8761629, -6.1750355 ], [ 106.8762144, -6.174803 ], [ 106.8762332, -6.1747149 ], [ 106.8763167, -6.17435 ], [ 106.8765464, -6.1734561 ], [ 106.8766289, -6.1731376 ], [ 106.8766559, -6.1729604 ], [ 106.876712, -6.1726584 ], [ 106.8768844, -6.1718262 ], [ 106.8768923, -6.1717935 ], [ 106.8769566, -6.1715821 ], [ 106.8771595, -6.1709239 ], [ 106.8772593, -6.1705762 ], [ 106.877297, -6.1704509 ], [ 106.8773649, -6.170218 ], [ 106.8774006, -6.1700872 ], [ 106.8775347, -6.1695543 ], [ 106.8775996, -6.1695117 ], [ 106.8776039, -6.1695072 ], [ 106.8776071, -6.169501 ], [ 106.877782, -6.1689279 ], [ 106.8778698, -6.168641 ], [ 106.8781179, -6.1678249 ], [ 106.8782047, -6.1675941 ], [ 106.8782235, -6.1675395 ], [ 106.8782889, -6.1673753 ], [ 106.8783372, -6.1672567 ], [ 106.8783944, -6.1671205 ], [ 106.8784505, -6.1669968 ], [ 106.8785152, -6.1668641 ], [ 106.87858, -6.1667371 ], [ 106.8786534, -6.1665826 ], [ 106.8786864, -6.1665185 ], [ 106.8786944, -6.1665029 ], [ 106.8787197, -6.1664522 ], [ 106.8787509, -6.1663946 ], [ 106.8787806, -6.1663386 ], [ 106.8788101, -6.1662829 ] ], [ [ 106.874288, -6.2123187 ], [ 106.8743293, -6.2133113 ], [ 106.8743344, -6.213434 ], [ 106.8744031, -6.2146222 ], [ 106.8744222, -6.2150993 ], [ 106.8744251, -6.2151621 ], [ 106.8744256, -6.2151903 ], [ 106.8744342, -6.2154657 ], [ 106.874459, -6.2158279 ], [ 106.8744919, -6.2165729 ] ], [ [ 106.8754075, -6.1840443 ], [ 106.8754037, -6.1839728 ], [ 106.8753876, -6.1836635 ], [ 106.8753876, -6.1835155 ], [ 106.8753863, -6.1832469 ], [ 106.875405, -6.1827929 ], [ 106.8754473, -6.1824169 ], [ 106.8754828, -6.1818827 ], [ 106.875501, -6.1815718 ], [ 106.8755355, -6.1811294 ], [ 106.8755686, -6.180777 ], [ 106.8756397, -6.1799163 ], [ 106.8756658, -6.1796255 ], [ 106.8756969, -6.1793189 ], [ 106.8757121, -6.1791742 ], [ 106.8757761, -6.178488 ], [ 106.8758194, -6.177897 ] ], [ [ 106.8759548, -6.1764363 ], [ 106.8759314, -6.176243 ], [ 106.875926, -6.176155 ], [ 106.8759267, -6.176085 ], [ 106.8759314, -6.1759963 ], [ 106.8759374, -6.1758683 ], [ 106.8759543, -6.1756545 ], [ 106.8759898, -6.1753354 ], [ 106.8760554, -6.1749863 ], [ 106.8761168, -6.1747061 ], [ 106.8761671, -6.174492 ], [ 106.8762763, -6.1740756 ], [ 106.8763106, -6.1739448 ], [ 106.8763868, -6.1736049 ], [ 106.8764053, -6.1735347 ], [ 106.8764135, -6.1734873 ], [ 106.8764558, -6.1732323 ], [ 106.8764722, -6.1731729 ], [ 106.8764958, -6.1730788 ], [ 106.8765266, -6.172976 ], [ 106.8765656, -6.172835 ], [ 106.8765894, -6.1727515 ], [ 106.8766124, -6.1726665 ], [ 106.8766403, -6.1725628 ], [ 106.8766601, -6.1724938 ], [ 106.8767908, -6.1720289 ], [ 106.8768415, -6.1718978 ], [ 106.8768844, -6.1718262 ] ], [ [ 106.8775347, -6.1695543 ], [ 106.8778038, -6.1685153 ], [ 106.8781079, -6.1676546 ], [ 106.8784284, -6.1668986 ], [ 106.8787583, -6.1662659 ] ], [ [ 106.8791023, -6.1663473 ], [ 106.8789759, -6.1666218 ], [ 106.8788847, -6.1667986 ], [ 106.8787139, -6.1671522 ], [ 106.8784027, -6.1679616 ], [ 106.8782179, -6.1685013 ], [ 106.8780473, -6.1689626 ], [ 106.8777797, -6.17 ], [ 106.8775069, -6.1707984 ], [ 106.8773795, -6.1712165 ], [ 106.8773414, -6.1712993 ], [ 106.876531, -6.1743629 ], [ 106.8764324, -6.1747608 ], [ 106.8763534, -6.1750778 ], [ 106.8762779, -6.1754189 ], [ 106.8761931, -6.1760139 ], [ 106.8762042, -6.1761573 ], [ 106.8761936, -6.1763256 ], [ 106.8761102, -6.1772944 ], [ 106.8760788, -6.1776446 ], [ 106.8760124, -6.1789192 ], [ 106.8759219, -6.1805103 ], [ 106.8759079, -6.18078 ], [ 106.8758472, -6.1816774 ], [ 106.8758316, -6.181916 ], [ 106.8758038, -6.1823016 ], [ 106.875765, -6.1828297 ], [ 106.875673, -6.1845809 ], [ 106.8756915, -6.1846475 ], [ 106.8756907, -6.1848614 ], [ 106.8756865, -6.1849542 ], [ 106.8755784, -6.1873355 ], [ 106.8755777, -6.1873507 ], [ 106.8755713, -6.1874934 ], [ 106.8755705, -6.1875275 ], [ 106.8755705, -6.1875385 ], [ 106.8755567, -6.1878248 ], [ 106.8755558, -6.1878436 ], [ 106.8755401, -6.1882486 ], [ 106.875538, -6.1884753 ], [ 106.8755257, -6.1886632 ], [ 106.8755217, -6.1888407 ], [ 106.8755143, -6.1891174 ], [ 106.8754949, -6.1892193 ], [ 106.8754922, -6.1893987 ], [ 106.8754855, -6.189626 ], [ 106.8754761, -6.1898233 ], [ 106.8754473, -6.1902266 ], [ 106.8754385, -6.190316 ], [ 106.8754318, -6.1903793 ], [ 106.8754224, -6.1904473 ], [ 106.8754117, -6.1905593 ], [ 106.8753802, -6.190938 ], [ 106.8753392, -6.1912843 ], [ 106.8752675, -6.1917313 ], [ 106.8752115, -6.192075 ], [ 106.8751875, -6.1922224 ], [ 106.8751752, -6.1923005 ], [ 106.8751645, -6.1923681 ], [ 106.8751485, -6.1924478 ], [ 106.875129, -6.192547 ], [ 106.8750912, -6.1927392 ], [ 106.8750201, -6.1931045 ], [ 106.8749061, -6.1937045 ], [ 106.8745575, -6.1956554 ], [ 106.8745522, -6.1957297 ], [ 106.8744895, -6.196052 ], [ 106.874429, -6.1963402 ], [ 106.874357, -6.1967017 ], [ 106.8743485, -6.1967453 ], [ 106.8743111, -6.1969365 ], [ 106.8742952, -6.197012 ], [ 106.8742113, -6.1974326 ], [ 106.8741808, -6.1975716 ], [ 106.8741722, -6.1976092 ], [ 106.8740152, -6.1982961 ], [ 106.8738627, -6.1989496 ], [ 106.8736507, -6.1998042 ], [ 106.8735294, -6.20029 ], [ 106.873504, -6.2004086 ], [ 106.8734776, -6.2005634 ], [ 106.8734446, -6.2007566 ], [ 106.8733969, -6.2010574 ], [ 106.8733662, -6.2015063 ], [ 106.8733472, -6.202009 ], [ 106.873337, -6.2022619 ], [ 106.8733604, -6.2025495 ], [ 106.8733881, -6.2028794 ], [ 106.8734407, -6.2032499 ], [ 106.8735088, -6.203653 ], [ 106.873622, -6.2042117 ], [ 106.8737374, -6.2047667 ], [ 106.8737959, -6.2049992 ], [ 106.8738362, -6.2051907 ], [ 106.8738748, -6.2054553 ], [ 106.8739148, -6.2058423 ], [ 106.8739413, -6.2059498 ], [ 106.8739575, -6.2065208 ], [ 106.8739698, -6.207018 ], [ 106.8739787, -6.2073931 ], [ 106.8739892, -6.2076704 ], [ 106.8739908, -6.2077146 ], [ 106.8740194, -6.2082359 ], [ 106.8740303, -6.2084406 ], [ 106.874047, -6.2088395 ], [ 106.8740698, -6.2094671 ], [ 106.8740962, -6.2098717 ], [ 106.8741233, -6.2103183 ], [ 106.8741622, -6.2108196 ], [ 106.8742021, -6.2113241 ], [ 106.874288, -6.2123187 ], [ 106.8743395, -6.2121934 ], [ 106.8743616, -6.2121201 ], [ 106.8743663, -6.2120621 ], [ 106.8743416, -6.2115774 ], [ 106.8743268, -6.2112875 ], [ 106.8742476, -6.2105702 ], [ 106.8742155, -6.2103115 ], [ 106.8741816, -6.2098894 ], [ 106.8741739, -6.2097043 ], [ 106.8741634, -6.2094738 ], [ 106.8741452, -6.2090752 ], [ 106.8741234, -6.2088335 ], [ 106.8741091, -6.208677 ], [ 106.8740982, -6.2085584 ], [ 106.8740876, -6.2084196 ], [ 106.8740653, -6.2082006 ], [ 106.8740069, -6.2074831 ], [ 106.8740022, -6.2074551 ], [ 106.8739948, -6.2074344 ], [ 106.8739787, -6.2073931 ] ], [ [ 106.8790257, -6.1663232 ], [ 106.8789676, -6.1664288 ], [ 106.8789385, -6.1664813 ], [ 106.8789162, -6.1665247 ], [ 106.8789092, -6.1665398 ], [ 106.8788662, -6.1666326 ], [ 106.8787258, -6.1669353 ], [ 106.8786686, -6.1670553 ], [ 106.8782963, -6.1679716 ], [ 106.8780473, -6.1689626 ] ] ] } },
{ "type": "Feature", "properties": { "NAMOBJ": "Jalan Hayam Wuruk", "SRS_ID": "EPSG 32748", "FCODE": "CA02010160", "KOTA": "Kota Administrasi Jakarta Pusat dan Kota Administrasi Jakarta Barat", "PERIODE": 2025, "METADATA": "PEMBATASANLALIN5000DKIJAKARTA" }, "geometry": { "type": "MultiLineString", "coordinates": [ [ [ 106.8149851, -6.1427125 ], [ 106.815054, -6.1427628 ], [ 106.8150622, -6.1427862 ], [ 106.8150886, -6.1428649 ], [ 106.8152791, -6.1434318 ], [ 106.8152941, -6.1434743 ], [ 106.8153773, -6.1437113 ], [ 106.8153947, -6.1437591 ], [ 106.8154791, -6.1440008 ], [ 106.8155044, -6.1440792 ], [ 106.81552, -6.1441278 ], [ 106.8157429, -6.1448937 ], [ 106.8159017, -6.1454976 ], [ 106.8159408, -6.1456613 ], [ 106.8159593, -6.1457216 ], [ 106.8160572, -6.14604 ], [ 106.8162499, -6.1467525 ], [ 106.8163154, -6.1469947 ], [ 106.8163396, -6.1470843 ], [ 106.8163516, -6.1471241 ], [ 106.8164164, -6.1473716 ], [ 106.8165408, -6.1478942 ], [ 106.8166181, -6.14823 ], [ 106.816745, -6.1488563 ], [ 106.8167463, -6.1488577 ], [ 106.816803, -6.1490624 ], [ 106.8168719, -6.1493483 ], [ 106.8168875, -6.149423 ], [ 106.8169202, -6.1495632 ], [ 106.8169419, -6.1496819 ], [ 106.8169615, -6.1497849 ], [ 106.8169897, -6.1498359 ], [ 106.8170028, -6.1498633 ], [ 106.8170242, -6.1499264 ], [ 106.8170411, -6.1499895 ], [ 106.8170807, -6.1501253 ], [ 106.8171076, -6.15022 ], [ 106.8172091, -6.1506429 ], [ 106.8172443, -6.150792 ], [ 106.8172938, -6.1510016 ], [ 106.8173397, -6.1511783 ], [ 106.8173464, -6.1512106 ], [ 106.8173691, -6.1513062 ], [ 106.8174529, -6.1516434 ], [ 106.817469, -6.1517091 ], [ 106.8174884, -6.1517886 ], [ 106.8175909, -6.1521766 ], [ 106.817672, -6.1525144 ], [ 106.817784, -6.1530091 ], [ 106.8177925, -6.1530447 ], [ 106.8178224, -6.1531748 ], [ 106.8178957, -6.1534944 ], [ 106.8179502, -6.1538402 ], [ 106.8179705, -6.153939 ], [ 106.8179979, -6.1541017 ], [ 106.8180331, -6.1543107 ], [ 106.8180509, -6.1544041 ], [ 106.8180933, -6.1546116 ], [ 106.8182536, -6.1552883 ], [ 106.8182831, -6.1554135 ], [ 106.8183192, -6.1555629 ], [ 106.818358, -6.1557318 ], [ 106.8184392, -6.1560835 ], [ 106.8184548, -6.1561697 ], [ 106.8184578, -6.1561864 ], [ 106.8185338, -6.1565868 ], [ 106.8185441, -6.156641 ], [ 106.818575, -6.1567745 ], [ 106.8185992, -6.1568788 ], [ 106.8186166, -6.1569581 ], [ 106.818671, -6.1572058 ], [ 106.818685, -6.1572611 ], [ 106.8187688, -6.1576073 ], [ 106.8188126, -6.157841 ], [ 106.8188428, -6.1579697 ], [ 106.8189187, -6.1582783 ], [ 106.819002, -6.1585842 ], [ 106.8191822, -6.1593241 ], [ 106.8192568, -6.1596367 ], [ 106.8192842, -6.159747 ], [ 106.8192961, -6.1597987 ], [ 106.8193069, -6.1598457 ], [ 106.8193736, -6.1601105 ], [ 106.8194028, -6.1602261 ], [ 106.8194314, -6.160342 ], [ 106.8194452, -6.1604035 ], [ 106.8195136, -6.1606912 ], [ 106.8195453, -6.1608293 ], [ 106.8195638, -6.1609153 ], [ 106.8196401, -6.161256 ], [ 106.819692, -6.1614745 ], [ 106.8197204, -6.1615906 ], [ 106.8198336, -6.162076 ], [ 106.8199017, -6.1624135 ], [ 106.8199123, -6.1624645 ], [ 106.820017, -6.1629481 ], [ 106.8200189, -6.1629566 ], [ 106.8200452, -6.1630756 ], [ 106.8200994, -6.1633131 ], [ 106.8201609, -6.1635941 ], [ 106.820179, -6.1636766 ], [ 106.8202185, -6.1638581 ], [ 106.8202898, -6.1641852 ], [ 106.8202967, -6.1642166 ], [ 106.8203301, -6.1643679 ], [ 106.8203448, -6.1644575 ], [ 106.8203547, -6.1645193 ], [ 106.820393, -6.1647669 ], [ 106.820465, -6.1651135 ], [ 106.8205245, -6.1654045 ], [ 106.8205898, -6.16572 ], [ 106.8205972, -6.1657659 ], [ 106.8206059, -6.1658111 ], [ 106.8206375, -6.1659782 ], [ 106.8206844, -6.1661884 ], [ 106.8207274, -6.1663716 ], [ 106.8207959, -6.1666659 ], [ 106.8208541, -6.1669162 ], [ 106.8208719, -6.1669792 ], [ 106.8209132, -6.1671585 ], [ 106.8209311, -6.1672489 ], [ 106.8209474, -6.1673291 ], [ 106.8209982, -6.1675331 ], [ 106.8210574, -6.1676667 ] ], [ [ 106.8167965, -6.1500473 ], [ 106.8168815, -6.15002 ], [ 106.8169222, -6.1499857 ], [ 106.8169468, -6.1499121 ], [ 106.8169575, -6.1498435 ], [ 106.8169615, -6.1497849 ] ], [ [ 106.8208947, -6.1673707 ], [ 106.8208809, -6.1672772 ], [ 106.8208768, -6.1672498 ], [ 106.8208561, -6.16715 ], [ 106.8207818, -6.1668708 ], [ 106.8207117, -6.1666063 ], [ 106.8206012, -6.1660908 ], [ 106.8205253, -6.1657536 ], [ 106.8204494, -6.1654134 ], [ 106.8204197, -6.165261 ], [ 106.820408, -6.1652025 ], [ 106.8203929, -6.1651263 ], [ 106.8203707, -6.1649757 ], [ 106.8203064, -6.1646371 ], [ 106.8202747, -6.1644797 ], [ 106.8201235, -6.163728 ], [ 106.8200443, -6.1633894 ], [ 106.8199572, -6.1630535 ], [ 106.8199407, -6.1630087 ], [ 106.8199284, -6.1629759 ], [ 106.8198973, -6.162893 ], [ 106.8198667, -6.1627718 ], [ 106.8198027, -6.1624775 ], [ 106.8196977, -6.1619767 ], [ 106.8196555, -6.1617195 ], [ 106.8194757, -6.1609164 ], [ 106.8193454, -6.1603628 ], [ 106.8192976, -6.1601473 ], [ 106.8192287, -6.1598537 ], [ 106.8192166, -6.1598072 ], [ 106.8192045, -6.159761 ], [ 106.8191787, -6.1596516 ], [ 106.8191494, -6.1595246 ], [ 106.8189324, -6.1586327 ], [ 106.8188563, -6.1582834 ], [ 106.8188464, -6.1582505 ], [ 106.8188316, -6.1581963 ], [ 106.8188056, -6.1581113 ], [ 106.818781, -6.1580231 ], [ 106.8186072, -6.157283 ], [ 106.8185557, -6.1570207 ], [ 106.81852, -6.1568638 ], [ 106.8185077, -6.1568025 ], [ 106.8185052, -6.1567902 ], [ 106.8185006, -6.1567659 ], [ 106.818466, -6.1565822 ], [ 106.8183984, -6.1562062 ], [ 106.8183505, -6.1559396 ], [ 106.8183349, -6.1558704 ], [ 106.8182907, -6.1556898 ], [ 106.8182601, -6.1556187 ], [ 106.8182347, -6.155584 ], [ 106.8180115, -6.1552903 ], [ 106.8179863, -6.1552562 ], [ 106.8178863, -6.1551208 ], [ 106.8178588, -6.1550789 ], [ 106.8178344, -6.1550247 ] ], [ [ 106.8179465, -6.1550731 ], [ 106.8179472, -6.1550762 ], [ 106.8179678, -6.1551118 ], [ 106.8179885, -6.1551412 ], [ 106.8180621, -6.1552302 ], [ 106.8181462, -6.1553306 ], [ 106.8181941, -6.1553905 ], [ 106.8182419, -6.1554539 ], [ 106.81828, -6.155497 ], [ 106.8183119, -6.1555402 ] ] ] } },
{ "type": "Feature", "properties": { "NAMOBJ": "Jalan Gajah Mada", "SRS_ID": "EPSG 32748", "FCODE": "CA02010160", "KOTA": "Kota Administrasi Jakarta Pusat dan Kota Administrasi Jakarta Barat", "PERIODE": 2025, "METADATA": "PEMBATASANLALIN5000DKIJAKARTA" }, "geometry": { "type": "MultiLineString", "coordinates": [ [ [ 106.8148385, -6.1426965 ], [ 106.8148574, -6.1427522 ], [ 106.8148785, -6.14284 ], [ 106.8150193, -6.1432949 ], [ 106.815066, -6.1434347 ], [ 106.8151241, -6.1437047 ], [ 106.8151651, -6.1438506 ], [ 106.815174, -6.1438823 ], [ 106.8152632, -6.1442043 ], [ 106.8153991, -6.1446827 ], [ 106.8154514, -6.1448991 ], [ 106.8154587, -6.1449315 ], [ 106.8155237, -6.14522 ], [ 106.8156014, -6.1455526 ], [ 106.8156115, -6.1455961 ], [ 106.8156238, -6.1456486 ], [ 106.8156522, -6.1457702 ], [ 106.8157146, -6.1460379 ], [ 106.8158555, -6.1465927 ], [ 106.815935, -6.1469008 ], [ 106.8159418, -6.1469269 ], [ 106.8159994, -6.1471498 ], [ 106.8160786, -6.1474541 ], [ 106.8161417, -6.1476728 ], [ 106.8162778, -6.1482217 ], [ 106.8163279, -6.1484107 ], [ 106.8164744, -6.1489626 ], [ 106.816497, -6.1490502 ], [ 106.8165105, -6.1491073 ], [ 106.8166862, -6.1498388 ], [ 106.8167296, -6.1498983 ], [ 106.8167605, -6.1499512 ], [ 106.8167813, -6.1499945 ], [ 106.8167947, -6.1500391 ], [ 106.8168299, -6.1501873 ], [ 106.8168583, -6.1502938 ], [ 106.8169386, -6.1506677 ], [ 106.817071, -6.1512405 ], [ 106.8171846, -6.1517526 ], [ 106.8173003, -6.152254 ], [ 106.8173653, -6.1525461 ], [ 106.8173784, -6.152605 ], [ 106.8174866, -6.1530663 ], [ 106.8174897, -6.1530819 ], [ 106.8175183, -6.1532133 ], [ 106.8175746, -6.1534587 ], [ 106.8176009, -6.1536276 ], [ 106.8176458, -6.1538242 ], [ 106.8176988, -6.1540566 ], [ 106.8177798, -6.1543815 ], [ 106.8178331, -6.1545927 ], [ 106.8179465, -6.1550731 ] ], [ [ 106.8206923, -6.1676608 ], [ 106.8206711, -6.1675871 ], [ 106.8206375, -6.1674583 ], [ 106.820629, -6.1674231 ], [ 106.8206101, -6.1673545 ], [ 106.8204639, -6.1668416 ], [ 106.8203322, -6.1662278 ], [ 106.8202675, -6.1659422 ], [ 106.8202551, -6.1658871 ], [ 106.8202061, -6.1656709 ], [ 106.8201981, -6.1656341 ], [ 106.8200024, -6.1647289 ], [ 106.8199941, -6.1646919 ], [ 106.8199842, -6.1646335 ], [ 106.8199685, -6.1645704 ], [ 106.8198742, -6.1641546 ], [ 106.8198457, -6.1640239 ], [ 106.8197918, -6.1637878 ], [ 106.8197643, -6.1636721 ], [ 106.8197019, -6.1634119 ], [ 106.8196817, -6.1633238 ], [ 106.8196527, -6.1631971 ], [ 106.8196357, -6.1631193 ], [ 106.8196221, -6.1630561 ], [ 106.8195902, -6.162906 ], [ 106.8195777, -6.1628504 ], [ 106.8195493, -6.1627181 ], [ 106.819511, -6.1625569 ], [ 106.8194357, -6.162217 ], [ 106.8194247, -6.1621625 ], [ 106.8194219, -6.1621498 ], [ 106.8192931, -6.1615963 ], [ 106.8192815, -6.1615481 ], [ 106.8191876, -6.1611573 ], [ 106.8191713, -6.1610906 ], [ 106.8191387, -6.160938 ], [ 106.8190719, -6.1606442 ], [ 106.818978, -6.1602367 ], [ 106.8188963, -6.1598649 ], [ 106.8188863, -6.1598196 ], [ 106.8188634, -6.1597136 ], [ 106.818847, -6.1596406 ], [ 106.8187858, -6.1593645 ], [ 106.818594, -6.1584174 ], [ 106.8185242, -6.158126 ], [ 106.8184233, -6.1577045 ], [ 106.8182993, -6.1571749 ], [ 106.8182716, -6.1570498 ], [ 106.8182708, -6.1570465 ], [ 106.8182276, -6.1568553 ], [ 106.8181095, -6.1563186 ], [ 106.8180485, -6.1560437 ], [ 106.8180214, -6.1559289 ], [ 106.8178344, -6.1550247 ], [ 106.8177083, -6.1544791 ], [ 106.8176939, -6.1544166 ], [ 106.8175654, -6.1538356 ], [ 106.8175253, -6.1536545 ], [ 106.8174734, -6.1534487 ], [ 106.817422, -6.1532312 ], [ 106.8173963, -6.1531045 ], [ 106.8173708, -6.1529608 ], [ 106.8172989, -6.1526372 ], [ 106.8172872, -6.1525843 ], [ 106.8172832, -6.1525662 ], [ 106.8171994, -6.1521888 ], [ 106.8171728, -6.1520726 ], [ 106.8171269, -6.1518725 ], [ 106.8170098, -6.1513621 ], [ 106.8169918, -6.1512824 ], [ 106.8168739, -6.15074 ], [ 106.8168282, -6.1505296 ], [ 106.8167543, -6.1502034 ], [ 106.8167383, -6.150133 ], [ 106.8167224, -6.1500592 ], [ 106.8167095, -6.1499973 ], [ 106.8166975, -6.1499322 ], [ 106.816692, -6.149891 ], [ 106.8166862, -6.1498388 ] ] ] } },
{ "type": "Feature", "properties": { "NAMOBJ": "Jalan M.T. Haryono", "SRS_ID": "EPSG 32748", "FCODE": "CA02010160", "KOTA": "Kota Administrasi Jakarta Selatan dan Kota Administrasi Jakarta Timur", "PERIODE": 2025, "METADATA": "PEMBATASANLALIN5000DKIJAKARTA" }, "geometry": { "type": "MultiLineString", "coordinates": [ [ [ 106.8746579, -6.2474195 ], [ 106.8745928, -6.247383 ], [ 106.8740836, -6.2470435 ], [ 106.8733581, -6.2466345 ], [ 106.8723783, -6.2463062 ], [ 106.8717774, -6.2461286 ], [ 106.8707488, -6.2458326 ], [ 106.8703157, -6.2456604 ], [ 106.8697526, -6.245316 ], [ 106.869463, -6.2451734 ], [ 106.8687646, -6.2449151 ], [ 106.8679309, -6.2445868 ], [ 106.8677306, -6.2444873 ], [ 106.8671839, -6.244229 ], [ 106.8668184, -6.2440917 ], [ 106.8661255, -6.2438859 ], [ 106.8655137, -6.2436868 ], [ 106.8648452, -6.2434876 ], [ 106.8642388, -6.2433746 ], [ 106.8637678, -6.2433396 ], [ 106.8627717, -6.2433101 ], [ 106.8625305, -6.2433129 ], [ 106.8620788, -6.2433181 ], [ 106.8610015, -6.2433208 ], [ 106.8605846, -6.24338 ], [ 106.8595614, -6.2434446 ], [ 106.8587331, -6.2434231 ], [ 106.8577749, -6.2434069 ], [ 106.8567355, -6.2433854 ], [ 106.8559397, -6.2433746 ], [ 106.8540449, -6.2433531 ], [ 106.8527564, -6.2433585 ], [ 106.8514355, -6.2434069 ], [ 106.8507263, -6.2434715 ], [ 106.8500388, -6.2435038 ], [ 106.8494433, -6.2435522 ], [ 106.8489533, -6.2435657 ], [ 106.8480466, -6.2436007 ], [ 106.8471371, -6.2436706 ], [ 106.8463331, -6.2437379 ], [ 106.8450988, -6.2436733 ], [ 106.8435843, -6.243563 ] ], [ [ 106.8464076, -6.2437217 ], [ 106.8462019, -6.2436303 ], [ 106.8457146, -6.2435926 ], [ 106.8450487, -6.2435657 ], [ 106.8441176, -6.2435011 ], [ 106.8436087, -6.2434742 ] ], [ [ 106.8437431, -6.2429886 ], [ 106.8444559, -6.2431109 ], [ 106.8455495, -6.2432562 ], [ 106.8465077, -6.2432778 ], [ 106.8470274, -6.2432401 ], [ 106.8478311, -6.2432055 ], [ 106.8485095, -6.2431553 ], [ 106.8489533, -6.2430958 ], [ 106.8495052, -6.2430158 ], [ 106.8500663, -6.2429792 ], [ 106.8508045, -6.2429792 ], [ 106.8524004, -6.2429564 ], [ 106.8529615, -6.2429632 ], [ 106.8543137, -6.2429724 ], [ 106.8548012, -6.2429769 ], [ 106.8564248, -6.2429747 ], [ 106.8594511, -6.2429015 ], [ 106.8604445, -6.2428878 ], [ 106.8614702, -6.2429289 ], [ 106.8625645, -6.2429221 ] ], [ [ 106.8438113, -6.2428486 ], [ 106.8440174, -6.2428903 ], [ 106.8445642, -6.2430356 ], [ 106.8452409, -6.243154 ], [ 106.8460422, -6.2431917 ], [ 106.8466377, -6.2432186 ], [ 106.8469137, -6.2432401 ] ], [ [ 106.8625648, -6.2429221 ], [ 106.8633995, -6.2429084 ], [ 106.8643838, -6.2429724 ], [ 106.8653902, -6.2431963 ], [ 106.866993, -6.243706 ], [ 106.8683866, -6.2441952 ], [ 106.8692144, -6.2444147 ], [ 106.8698307, -6.2447576 ], [ 106.8703183, -6.2452605 ], [ 106.870631, -6.245576 ], [ 106.8718544, -6.2459737 ], [ 106.873248, -6.246216 ], [ 106.8742, -6.2464949 ], [ 106.8747169, -6.2467607 ] ], [ [ 106.8694738, -6.2451761 ], [ 106.8693629, -6.2450469 ], [ 106.8690516, -6.2449016 ], [ 106.8684019, -6.2446595 ], [ 106.8680988, -6.2445492 ], [ 106.8675682, -6.2443581 ], [ 106.8672678, -6.2442612 ], [ 106.8672136, -6.2442411 ] ], [ [ 106.8724293, -6.2460737 ], [ 106.8730916, -6.2463206 ], [ 106.8736251, -6.2464806 ], [ 106.8742276, -6.2467275 ], [ 106.8747933, -6.2471161 ] ], [ [ 106.8747358, -6.2471836 ], [ 106.874384, -6.2469436 ], [ 106.8738988, -6.2467012 ], [ 106.8731859, -6.2464818 ], [ 106.8726133, -6.2463846 ] ], [ [ 106.8747706, -6.2471618 ], [ 106.8746721, -6.247224 ], [ 106.8745703, -6.2472556 ], [ 106.87443, -6.2472572 ], [ 106.8744017, -6.2472539 ] ], [ [ 106.8747172, -6.2467622 ], [ 106.8747623, -6.246827 ], [ 106.8747957, -6.2469017 ], [ 106.8748124, -6.2469797 ], [ 106.8748324, -6.2470311 ] ], [ [ 106.8747185, -6.2467598 ], [ 106.8748124, -6.2467639 ], [ 106.8748892, -6.2467357 ], [ 106.8749526, -6.2466942 ], [ 106.8750044, -6.2466461 ] ] ] } },
{ "type": "Feature", "properties": { "NAMOBJ": "Jalan Jenderal Gatot Subroto", "SRS_ID": "EPSG 32748", "FCODE": "CA02010160", "KOTA": "Kota Administrasi Jakarta Pusat dan Kota Administrasi Jakarta Selatan", "PERIODE": 2025, "METADATA": "PEMBATASANLALIN5000DKIJAKARTA" }, "geometry": { "type": "MultiLineString", "coordinates": [ [ [ 106.8121666, -6.2194994 ], [ 106.8109756, -6.2176911 ], [ 106.8104505, -6.2168946 ], [ 106.8089617, -6.214828 ], [ 106.8080815, -6.2135425 ], [ 106.807302, -6.2128159 ], [ 106.8068418, -6.2124069 ], [ 106.8064737, -6.211901 ], [ 106.8059107, -6.2109484 ], [ 106.8051203, -6.2100227 ], [ 106.8044869, -6.2092316 ], [ 106.803128, -6.2076601 ], [ 106.8018721, -6.2061316 ], [ 106.8012603, -6.2052866 ], [ 106.8006648, -6.2040811 ], [ 106.7997039, -6.2021328 ], [ 106.7994576, -6.2016646 ] ], [ [ 106.7997172, -6.2012052 ], [ 106.7997208, -6.2012124 ], [ 106.799865, -6.2015013 ], [ 106.8003448, -6.2024617 ], [ 106.80106, -6.2039502 ], [ 106.8015655, -6.2049267 ], [ 106.8019756, -6.2055572 ], [ 106.8025525, -6.2061829 ], [ 106.8033012, -6.2070836 ], [ 106.8041022, -6.2080885 ], [ 106.8048366, -6.208975 ], [ 106.8057664, -6.2100036 ], [ 106.8060954, -6.2104445 ], [ 106.8065436, -6.211203 ], [ 106.8071015, -6.2120135 ], [ 106.8073829, -6.2123217 ], [ 106.8081839, -6.2129284 ], [ 106.8086798, -6.2135731 ], [ 106.8094571, -6.2146824 ], [ 106.8102772, -6.215839 ], [ 106.8108828, -6.2167776 ], [ 106.8112404, -6.2173606 ], [ 106.8114932, -6.2176877 ], [ 106.8122036, -6.2187922 ], [ 106.8125184, -6.2192188 ] ], [ [ 106.837272, -6.2417306 ], [ 106.8366251, -6.2415799 ], [ 106.8359024, -6.241405 ], [ 106.8344028, -6.2410525 ], [ 106.833791, -6.2408991 ], [ 106.8330304, -6.240665 ], [ 106.832397, -6.2403233 ], [ 106.8319693, -6.2400677 ], [ 106.8311004, -6.2394703 ], [ 106.8299582, -6.2387545 ], [ 106.8295819, -6.2384693 ], [ 106.8290676, -6.2381545 ], [ 106.8286697, -6.2378827 ], [ 106.8279551, -6.2374361 ], [ 106.8269888, -6.2367929 ], [ 106.825879, -6.2361041 ], [ 106.8248937, -6.2354637 ], [ 106.8245526, -6.2352215 ], [ 106.8242711, -6.2350332 ], [ 106.8237568, -6.2347022 ], [ 106.823432, -6.2345945 ], [ 106.8227715, -6.234164 ], [ 106.8219432, -6.2334698 ], [ 106.8214695, -6.2329854 ], [ 106.8210446, -6.2324473 ], [ 106.8204382, -6.2316239 ], [ 106.8189684, -6.2294551 ], [ 106.8180156, -6.2280504 ], [ 106.8174851, -6.2273024 ], [ 106.8166784, -6.2260646 ], [ 106.8156174, -6.2245415 ], [ 106.8145184, -6.2229755 ], [ 106.8135981, -6.221587 ], [ 106.8131758, -6.2209465 ], [ 106.8128023, -6.220403 ], [ 106.8121689, -6.2195042 ] ], [ [ 106.8125207, -6.219227 ], [ 106.8130675, -6.2200074 ], [ 106.8137713, -6.2210515 ], [ 106.8144318, -6.2220094 ], [ 106.8149948, -6.2228275 ], [ 106.8153683, -6.2232526 ], [ 106.8157906, -6.2238285 ], [ 106.8162075, -6.2245389 ], [ 106.816803, -6.2254484 ], [ 106.8175338, -6.2265032 ], [ 106.8180373, -6.2272835 ], [ 106.818557, -6.2280047 ], [ 106.8189576, -6.228629 ], [ 106.8193203, -6.2291402 ], [ 106.8196126, -6.2294577 ], [ 106.8199916, -6.230039 ], [ 106.8203976, -6.2306955 ], [ 106.8207658, -6.2312498 ], [ 106.8210797, -6.2317611 ], [ 106.8221083, -6.2330312 ], [ 106.8227634, -6.2335586 ], [ 106.8235863, -6.2341075 ], [ 106.8247556, -6.2348986 ], [ 106.8261848, -6.2358942 ], [ 106.8269482, -6.2363893 ], [ 106.827457, -6.2367176 ], [ 106.8284586, -6.2373688 ], [ 106.8290595, -6.2377132 ], [ 106.8295684, -6.2380469 ], [ 106.8297664, -6.2381356 ], [ 106.8297687, -6.2381384 ] ], [ [ 106.8297389, -6.2386066 ], [ 106.8291651, -6.2383375 ], [ 106.8285262, -6.2379123 ], [ 106.8278387, -6.2374334 ], [ 106.8266531, -6.2367284 ], [ 106.8258032, -6.2361364 ], [ 106.8250019, -6.2356413 ], [ 106.824531, -6.2352107 ] ], [ [ 106.8248098, -6.2349255 ], [ 106.8255244, -6.2352807 ], [ 106.8263418, -6.2358565 ], [ 106.8274354, -6.2366046 ], [ 106.8281175, -6.2370297 ], [ 106.8293302, -6.2377778 ], [ 106.8296604, -6.2380092 ], [ 106.8297664, -6.2381356 ], [ 106.8298445, -6.2381706 ] ], [ [ 106.8298499, -6.2381706 ], [ 106.8307756, -6.2387357 ], [ 106.8320424, -6.2395429 ], [ 106.8325621, -6.2398443 ], [ 106.8330656, -6.2400058 ], [ 106.8342999, -6.2404632 ], [ 106.8351661, -6.2406946 ], [ 106.8362326, -6.2409691 ], [ 106.8377322, -6.2413996 ], [ 106.8392805, -6.2417763 ], [ 106.8405473, -6.2420346 ], [ 106.8410616, -6.2421261 ], [ 106.8411536, -6.2422391 ], [ 106.8419981, -6.2424651 ], [ 106.8430917, -6.2428365 ], [ 106.8437034, -6.2429818 ], [ 106.8437431, -6.2429886 ] ], [ [ 106.8435789, -6.2435657 ], [ 106.8431973, -6.243528 ], [ 106.8426126, -6.2433666 ], [ 106.8421172, -6.2431836 ], [ 106.8416869, -6.2429818 ], [ 106.8413458, -6.2428634 ], [ 106.841002, -6.2427665 ], [ 106.8404119, -6.2426212 ], [ 106.839719, -6.242414 ], [ 106.8391857, -6.2422499 ], [ 106.8387797, -6.2421423 ], [ 106.8385659, -6.24204 ], [ 106.8382979, -6.2419727 ], [ 106.838245, -6.2419352 ], [ 106.8379244, -6.2418597 ], [ 106.8376537, -6.2418382 ], [ 106.8372801, -6.2417359 ] ], [ [ 106.8436087, -6.2434742 ], [ 106.8429103, -6.2433719 ], [ 106.8420604, -6.243049 ], [ 106.8414432, -6.2428445 ], [ 106.8411401, -6.2427531 ], [ 106.8402306, -6.2424947 ], [ 106.8388393, -6.242075 ], [ 106.838245, -6.2419352 ], [ 106.8382411, -6.2419324 ] ], [ [ 106.8410616, -6.2421153 ], [ 106.8413756, -6.2421369 ], [ 106.8420956, -6.2423952 ], [ 106.8431134, -6.2427073 ], [ 106.8438113, -6.2428486 ] ] ] } },
{ "type": "Feature", "properties": { "NAMOBJ": "Jalan Tomang Raya", "SRS_ID": "EPSG 32748", "FCODE": "CA02010160", "KOTA": "Kota Administrasi Jakarta Pusat dan Kota Administrasi Jakarta Barat", "PERIODE": 2025, "METADATA": "PEMBATASANLALIN5000DKIJAKARTA" }, "geometry": { "type": "MultiLineString", "coordinates": [ [ [ 106.7956789, -6.1795516 ], [ 106.7958102, -6.1794797 ], [ 106.7958971, -6.1794266 ], [ 106.7959543, -6.1793957 ], [ 106.7960236, -6.1793613 ], [ 106.7960709, -6.179337 ], [ 106.7962527, -6.1792491 ], [ 106.7963832, -6.1791814 ], [ 106.7964048, -6.1791732 ], [ 106.7965817, -6.179106 ], [ 106.796806, -6.1790031 ], [ 106.7968351, -6.1789889 ], [ 106.7975096, -6.1786708 ], [ 106.7976457, -6.1786279 ], [ 106.7977927, -6.1785542 ], [ 106.7980789, -6.1783935 ], [ 106.798699, -6.1780066 ], [ 106.7990358, -6.1777683 ], [ 106.7992689, -6.1776049 ], [ 106.7998843, -6.1771854 ], [ 106.7999823, -6.1771153 ], [ 106.8000185, -6.177087 ], [ 106.8001434, -6.1769924 ], [ 106.8005774, -6.1766836 ], [ 106.8010474, -6.1763569 ], [ 106.801299, -6.1761795 ], [ 106.8022715, -6.1754746 ], [ 106.8024349, -6.175356 ], [ 106.8026321, -6.1752012 ], [ 106.8029298, -6.1750215 ], [ 106.8032396, -6.1748693 ], [ 106.8037521, -6.1745985 ], [ 106.80427, -6.174309 ], [ 106.8044679, -6.1741684 ], [ 106.8053212, -6.1735416 ], [ 106.8055008, -6.1734119 ], [ 106.8057321, -6.1732449 ], [ 106.8067795, -6.1724968 ], [ 106.8074737, -6.1720226 ], [ 106.8079256, -6.1717484 ], [ 106.8083082, -6.171541 ], [ 106.8085816, -6.1713971 ] ], [ [ 106.8086049, -6.1715218 ], [ 106.8085308, -6.1715543 ], [ 106.8083739, -6.1716276 ], [ 106.8080491, -6.1718 ], [ 106.8076386, -6.1720397 ], [ 106.807271, -6.1722975 ], [ 106.8068496, -6.1725875 ], [ 106.8057668, -6.1733465 ], [ 106.805562, -6.1734976 ], [ 106.8053848, -6.1736284 ], [ 106.804532, -6.1742612 ], [ 106.804421, -6.1743342 ], [ 106.8042453, -6.1744444 ], [ 106.8037311, -6.1747246 ], [ 106.8034704, -6.174861 ], [ 106.8028511, -6.1752 ], [ 106.8028042, -6.1752268 ], [ 106.8027516, -6.1752621 ], [ 106.8026815, -6.1753051 ], [ 106.8025689, -6.1753709 ], [ 106.8024341, -6.1754712 ], [ 106.8023521, -6.1755326 ], [ 106.8017452, -6.1759823 ], [ 106.8015715, -6.1761106 ], [ 106.801444, -6.1762046 ], [ 106.8013632, -6.1762618 ], [ 106.8010579, -6.1764802 ], [ 106.800201, -6.1770875 ], [ 106.8000899, -6.1771613 ], [ 106.8000493, -6.1771878 ], [ 106.7999958, -6.1772237 ], [ 106.799666, -6.1774522 ], [ 106.7995786, -6.1775192 ], [ 106.7993273, -6.1777051 ], [ 106.7991302, -6.177836 ], [ 106.7987772, -6.1780716 ], [ 106.7984963, -6.1782569 ], [ 106.7982581, -6.1784139 ], [ 106.7980736, -6.1785232 ], [ 106.7978713, -6.1786284 ], [ 106.7976573, -6.1787348 ], [ 106.7976105, -6.1787634 ], [ 106.7971931, -6.1790101 ], [ 106.7971051, -6.1790561 ], [ 106.7968462, -6.1791913 ], [ 106.7966215, -6.1793177 ], [ 106.7965592, -6.1793515 ], [ 106.7965129, -6.1793766 ], [ 106.7964789, -6.179395 ], [ 106.7963678, -6.1794593 ], [ 106.7960227, -6.1796425 ], [ 106.7959825, -6.1796629 ], [ 106.7959055, -6.1796982 ], [ 106.7957569, -6.1797591 ] ] ] } },
{ "type": "Feature", "properties": { "NAMOBJ": "Jalan Kyai Caringin", "SRS_ID": "EPSG 32748", "FCODE": "CA02010160", "KOTA": "Kota Administrasi Jakarta Pusat", "PERIODE": 2025, "METADATA": "PEMBATASANLALIN5000DKIJAKARTA" }, "geometry": { "type": "MultiLineString", "coordinates": [ [ [ 106.8085816, -6.1713971 ], [ 106.8086569, -6.1713595 ], [ 106.8088179, -6.171309 ], [ 106.8096509, -6.1711608 ], [ 106.809925, -6.1711027 ], [ 106.8104157, -6.1710111 ], [ 106.8105645, -6.1709865 ], [ 106.8108112, -6.1709413 ], [ 106.8108238, -6.1709392 ] ], [ [ 106.8108453, -6.1711216 ], [ 106.8106379, -6.1711542 ], [ 106.8104819, -6.1711808 ], [ 106.8102376, -6.1712277 ], [ 106.8100077, -6.1712665 ], [ 106.8098188, -6.1712951 ], [ 106.8096525, -6.1713196 ], [ 106.8094698, -6.1713563 ], [ 106.8091194, -6.1714169 ], [ 106.8088326, -6.1714654 ], [ 106.8087253, -6.171489 ], [ 106.8086755, -6.1715024 ], [ 106.8086075, -6.1715207 ], [ 106.8086049, -6.1715218 ] ] ] } },
{ "type": "Feature", "properties": { "NAMOBJ": "Jalan M.H. Thamrin", "SRS_ID": "EPSG 32748", "FCODE": "CA02010160", "KOTA": "Kota Administrasi Jakarta Pusat", "PERIODE": 2025, "METADATA": "PEMBATASANLALIN5000DKIJAKARTA" }, "geometry": { "type": "MultiLineString", "coordinates": [ [ [ 106.8227386, -6.1809396 ], [ 106.8226512, -6.1808844 ], [ 106.8225962, -6.1808287 ], [ 106.8225724, -6.1807679 ], [ 106.8225586, -6.1807187 ], [ 106.8225462, -6.1805901 ], [ 106.822571, -6.1804862 ], [ 106.8226006, -6.1804023 ] ], [ [ 106.8226959, -6.1953756 ], [ 106.8225559, -6.1951783 ], [ 106.8225098, -6.1949687 ], [ 106.8225275, -6.1948261 ], [ 106.8225896, -6.1946869 ], [ 106.8227224, -6.1945495 ], [ 106.8228464, -6.1944456 ], [ 106.8229527, -6.1942079 ], [ 106.8229368, -6.192797 ], [ 106.8229085, -6.1910146 ], [ 106.822873, -6.1904932 ], [ 106.8228686, -6.1893554 ], [ 106.8228597, -6.1890005 ], [ 106.8229235, -6.1876548 ], [ 106.8229519, -6.1867601 ], [ 106.8230015, -6.1859569 ], [ 106.8230139, -6.1854267 ], [ 106.8229979, -6.1851502 ], [ 106.8229519, -6.1847381 ], [ 106.8229365, -6.1844994 ], [ 106.8229111, -6.1841057 ], [ 106.8228757, -6.183056 ], [ 106.8227906, -6.1816944 ], [ 106.822781, -6.1815259 ], [ 106.8227691, -6.1813194 ], [ 106.8227629, -6.1812126 ], [ 106.8227389, -6.1809406 ], [ 106.8227386, -6.1809393 ] ], [ [ 106.822772, -6.194509 ], [ 106.8229315, -6.1944562 ], [ 106.8230838, -6.1944527 ], [ 106.8233142, -6.1945161 ], [ 106.8234199, -6.1945757 ], [ 106.8235082, -6.19473 ], [ 106.8235749, -6.1949315 ], [ 106.8235583, -6.1950974 ], [ 106.8234796, -6.1952704 ], [ 106.8233301, -6.1954161 ] ], [ [ 106.823087, -6.1803842 ], [ 106.8230874, -6.1803884 ], [ 106.8231237, -6.1804483 ], [ 106.8231671, -6.1805469 ], [ 106.8231786, -6.1806588 ], [ 106.8231414, -6.1807944 ], [ 106.823111, -6.1808374 ], [ 106.823045, -6.1809124 ] ], [ [ 106.8230453, -6.1809122 ], [ 106.8230452, -6.1809345 ], [ 106.8230396, -6.1810278 ], [ 106.8230289, -6.1811264 ], [ 106.8230555, -6.1815808 ], [ 106.8230697, -6.1818327 ], [ 106.8230892, -6.1822185 ], [ 106.8231636, -6.183277 ], [ 106.8232344, -6.1840943 ], [ 106.8232699, -6.1847706 ], [ 106.8232699, -6.1854822 ], [ 106.8232344, -6.1862502 ], [ 106.8232344, -6.1865743 ], [ 106.8231636, -6.1880397 ], [ 106.8231211, -6.188871 ], [ 106.8230927, -6.1896672 ], [ 106.8230714, -6.1906817 ], [ 106.8230856, -6.1915483 ], [ 106.8231069, -6.1925064 ], [ 106.8231423, -6.1934434 ], [ 106.8231733, -6.1941577 ], [ 106.8231831, -6.1942272 ], [ 106.823401, -6.1945425 ], [ 106.8234199, -6.1945757 ], [ 106.8234205, -6.194576 ] ] ] } },
{ "type": "Feature", "properties": { "NAMOBJ": "Jalan Medan Merdeka Barat", "SRS_ID": "EPSG 32748", "FCODE": "CA02010160", "KOTA": "Kota Administrasi Jakarta Pusat", "PERIODE": 2025, "METADATA": "PEMBATASANLALIN5000DKIJAKARTA" }, "geometry": { "type": "MultiLineString", "coordinates": [ [ [ 106.8226006, -6.1804023 ], [ 106.8226046, -6.180391 ], [ 106.8226084, -6.1802929 ], [ 106.8226125, -6.1802049 ], [ 106.8226181, -6.1801048 ], [ 106.8226214, -6.1800471 ], [ 106.8226265, -6.1798653 ], [ 106.8226271, -6.179813 ], [ 106.8226329, -6.179554 ], [ 106.8226362, -6.1794096 ], [ 106.8226432, -6.1791469 ], [ 106.8226535, -6.1788532 ], [ 106.8226566, -6.1787582 ], [ 106.8226622, -6.1782751 ], [ 106.8226708, -6.1779609 ], [ 106.8227082, -6.1769253 ], [ 106.8227115, -6.1767018 ], [ 106.8227182, -6.1763252 ], [ 106.8227192, -6.1762258 ], [ 106.8227381, -6.1756623 ], [ 106.8227484, -6.1754115 ], [ 106.8227486, -6.17539 ], [ 106.8227538, -6.1748794 ], [ 106.82276, -6.1746865 ], [ 106.8227586, -6.1746129 ], [ 106.822766, -6.1741908 ], [ 106.8227652, -6.1741403 ], [ 106.8227705, -6.1740382 ], [ 106.822777, -6.1737509 ], [ 106.8227832, -6.173425 ], [ 106.8227825, -6.1733508 ], [ 106.8228063, -6.172593 ], [ 106.8228162, -6.1722176 ], [ 106.8228215, -6.1721085 ], [ 106.8228248, -6.1719491 ], [ 106.8228166, -6.1718122 ], [ 106.8228023, -6.1717313 ], [ 106.8227832, -6.1716785 ], [ 106.8227152, -6.1715326 ], [ 106.822648, -6.1714307 ], [ 106.8225471, -6.1713072 ], [ 106.8224373, -6.1712456 ] ], [ [ 106.8230531, -6.1713113 ], [ 106.8230938, -6.1713628 ], [ 106.8231237, -6.1714188 ], [ 106.8231499, -6.1714732 ], [ 106.8231728, -6.1715414 ], [ 106.8231855, -6.1717207 ], [ 106.8231891, -6.1719051 ], [ 106.8231774, -6.172124 ], [ 106.8231626, -6.172527 ], [ 106.8231096, -6.1741872 ], [ 106.8230902, -6.1746266 ], [ 106.8230889, -6.1746795 ], [ 106.8230564, -6.1756691 ], [ 106.8230542, -6.1760737 ], [ 106.8229715, -6.1792534 ], [ 106.8229682, -6.1793768 ], [ 106.822966, -6.1794632 ], [ 106.8229804, -6.1797226 ], [ 106.8229997, -6.1798686 ], [ 106.8230297, -6.1800095 ], [ 106.8230785, -6.1802986 ], [ 106.823087, -6.1803842 ] ] ] } },
{ "type": "Feature", "properties": { "NAMOBJ": "Jalan Salemba Raya", "SRS_ID": "EPSG 32748", "FCODE": "CA02010160", "KOTA": "Kota Administrasi Jakarta Pusat", "PERIODE": 2025, "METADATA": "PEMBATASANLALIN5000DKIJAKARTA" }, "geometry": { "type": "MultiLineString", "coordinates": [ [ [ 106.8538506, -6.1995997 ], [ 106.8536481, -6.1994057 ], [ 106.8535087, -6.1992811 ], [ 106.8532003, -6.1989964 ], [ 106.8531142, -6.1989202 ], [ 106.8528512, -6.1986874 ], [ 106.8528401, -6.198677 ], [ 106.8525066, -6.1983646 ], [ 106.8523422, -6.1982096 ], [ 106.8520705, -6.1979711 ], [ 106.851981, -6.1978925 ], [ 106.8519043, -6.1978136 ], [ 106.851793, -6.1976963 ], [ 106.851522, -6.1974382 ], [ 106.8515057, -6.1974226 ], [ 106.8514193, -6.1973403 ], [ 106.8512848, -6.1971819 ], [ 106.8512423, -6.1971174 ], [ 106.8512107, -6.1970846 ], [ 106.851134, -6.1970124 ], [ 106.8510501, -6.1969339 ], [ 106.8506831, -6.1965609 ], [ 106.8504988, -6.1963623 ], [ 106.8503248, -6.1961599 ], [ 106.8501453, -6.1959164 ], [ 106.8498898, -6.1955064 ], [ 106.8498486, -6.1954332 ], [ 106.849817, -6.195373 ], [ 106.8496261, -6.1949911 ], [ 106.8495518, -6.1948392 ], [ 106.8492372, -6.1942087 ], [ 106.8490375, -6.1938112 ], [ 106.8489085, -6.1935563 ], [ 106.8488224, -6.1933835 ], [ 106.8486759, -6.1931035 ], [ 106.8486048, -6.1929636 ], [ 106.8485677, -6.1928913 ], [ 106.8484551, -6.1926806 ] ], [ [ 106.8486255, -6.1925594 ], [ 106.848779, -6.192854 ], [ 106.8491788, -6.1936265 ], [ 106.8491904, -6.1936472 ], [ 106.8492745, -6.1938075 ], [ 106.8493923, -6.1940292 ], [ 106.849573, -6.1943723 ], [ 106.8496019, -6.1944303 ], [ 106.8496709, -6.194564 ], [ 106.8498156, -6.1948444 ], [ 106.8498301, -6.1948678 ], [ 106.8498874, -6.1949748 ], [ 106.8499217, -6.1950355 ], [ 106.8500121, -6.1951906 ], [ 106.8500308, -6.1952244 ], [ 106.8500435, -6.1952521 ], [ 106.8500709, -6.1953083 ], [ 106.8501178, -6.1953911 ], [ 106.8501842, -6.1955018 ], [ 106.8503555, -6.195804 ], [ 106.8505105, -6.1960168 ], [ 106.8505999, -6.1961437 ], [ 106.8507461, -6.1963097 ], [ 106.8507783, -6.1963451 ], [ 106.8509144, -6.196483 ], [ 106.8511377, -6.1967144 ], [ 106.8511847, -6.1967617 ], [ 106.8513634, -6.1969335 ], [ 106.8515726, -6.19712 ], [ 106.8516381, -6.1971839 ], [ 106.8516915, -6.1972319 ], [ 106.8517625, -6.1972958 ], [ 106.8519825, -6.197498 ], [ 106.8522334, -6.1977123 ], [ 106.8524307, -6.1979015 ], [ 106.8526614, -6.1981288 ], [ 106.8528601, -6.1983119 ], [ 106.8529776, -6.198423 ], [ 106.8530418, -6.1984837 ], [ 106.8533234, -6.1987501 ], [ 106.853364, -6.1987886 ], [ 106.8534367, -6.1989447 ], [ 106.8534994, -6.199075 ], [ 106.8535269, -6.1991322 ], [ 106.8536821, -6.1992916 ], [ 106.8536888, -6.1994426 ] ], [ [ 106.8512446, -6.1971156 ], [ 106.851869, -6.1976301 ], [ 106.8524567, -6.1981745 ], [ 106.8530711, -6.1987322 ], [ 106.8533916, -6.1990227 ], [ 106.8534994, -6.199075 ], [ 106.8536788, -6.1991621 ], [ 106.8537764, -6.1991621 ], [ 106.8538013, -6.1991843 ], [ 106.8538395, -6.1992199 ], [ 106.8539072, -6.1992848 ], [ 106.8539596, -6.19933 ], [ 106.8540507, -6.1994193 ] ], [ [ 106.8533633, -6.198787 ], [ 106.853364, -6.1987886 ], [ 106.8533672, -6.1987916 ], [ 106.8534711, -6.19889 ], [ 106.8537764, -6.1991621 ], [ 106.8539181, -6.1991621 ], [ 106.8539515, -6.1991621 ] ] ] } },
{ "type": "Feature", "properties": { "NAMOBJ": "Jalan Pramuka", "SRS_ID": "EPSG 32748", "FCODE": "CA02010160", "KOTA": "Kota Administrasi Jakarta Pusat dan Kota Administrasi Jakarta Timur", "PERIODE": 2025, "METADATA": "PEMBATASANLALIN5000DKIJAKARTA" }, "geometry": { "type": "MultiLineString", "coordinates": [ [ [ 106.8536392, -6.1990368 ], [ 106.8537969, -6.1990808 ], [ 106.8539004, -6.1990907 ], [ 106.8540031, -6.1990716 ], [ 106.8541601, -6.1990335 ], [ 106.8544107, -6.1988319 ], [ 106.854595, -6.1986848 ], [ 106.8551708, -6.1982466 ], [ 106.8555349, -6.1979906 ], [ 106.8556295, -6.1979073 ], [ 106.8557004, -6.1978191 ], [ 106.8557006, -6.1978189 ] ], [ [ 106.8539515, -6.1991621 ], [ 106.8539977, -6.1991621 ], [ 106.8541726, -6.1990741 ], [ 106.854388, -6.1989264 ], [ 106.8549606, -6.1984882 ], [ 106.8553062, -6.1982276 ], [ 106.855777, -6.197899 ], [ 106.8559932, -6.1977571 ], [ 106.8561268, -6.1977106 ], [ 106.8562887, -6.1976915 ], [ 106.8562779, -6.1976973 ], [ 106.8562612, -6.1977031 ], [ 106.8560859, -6.1977795 ], [ 106.8558138, -6.1979704 ], [ 106.8555082, -6.1981811 ], [ 106.8552812, -6.1983471 ], [ 106.8549205, -6.1986293 ], [ 106.8545582, -6.1988982 ], [ 106.8543679, -6.1990575 ], [ 106.8539839, -6.1993513 ], [ 106.8537825, -6.1995352 ] ], [ [ 106.8539363, -6.1990816 ], [ 106.8541734, -6.1988708 ], [ 106.8544506, -6.1986517 ], [ 106.8545724, -6.1985505 ], [ 106.8549064, -6.1982998 ], [ 106.8552386, -6.1980492 ], [ 106.8554289, -6.1979264 ], [ 106.8556343, -6.1978575 ] ], [ [ 106.854504, -6.1987513 ], [ 106.8545608, -6.1986467 ], [ 106.8547828, -6.1984758 ], [ 106.8550967, -6.1982417 ], [ 106.8553404, -6.1980592 ], [ 106.8554406, -6.1979745 ], [ 106.8557004, -6.1978191 ], [ 106.8557009, -6.1978184 ], [ 106.8557279, -6.1978022 ], [ 106.8559751, -6.1976539 ], [ 106.8562615, -6.1974785 ], [ 106.8564026, -6.1974219 ], [ 106.8568669, -6.1971051 ], [ 106.8570485, -6.1969854 ], [ 106.8572365, -6.1968615 ], [ 106.8573396, -6.1967936 ], [ 106.8575998, -6.1966205 ], [ 106.8576622, -6.1965806 ], [ 106.8577288, -6.1965398 ], [ 106.8578687, -6.196454 ], [ 106.8581179, -6.1962904 ], [ 106.8584513, -6.1960641 ], [ 106.8593807, -6.1954381 ], [ 106.8597947, -6.1951487 ], [ 106.8601073, -6.1949016 ], [ 106.8605906, -6.1945748 ], [ 106.8612102, -6.1941559 ], [ 106.8612843, -6.1940786 ], [ 106.8613749, -6.1940179 ], [ 106.8614849, -6.1939442 ], [ 106.8615905, -6.1939014 ], [ 106.8616723, -6.1938683 ], [ 106.8617799, -6.1938066 ], [ 106.8620895, -6.1936289 ], [ 106.8622803, -6.1935194 ], [ 106.8623867, -6.1934675 ], [ 106.8626432, -6.1933423 ], [ 106.8628218, -6.1932552 ], [ 106.8629322, -6.1932101 ], [ 106.8630899, -6.1931456 ], [ 106.8632807, -6.1930676 ], [ 106.8634721, -6.1930032 ], [ 106.8637149, -6.1929216 ], [ 106.8640879, -6.1927964 ], [ 106.8642916, -6.1927378 ], [ 106.8644011, -6.1927115 ], [ 106.8648436, -6.1926055 ], [ 106.8651772, -6.1925356 ], [ 106.8654598, -6.1924984 ], [ 106.8661971, -6.1924068 ], [ 106.8664424, -6.1923763 ], [ 106.8668403, -6.1923364 ], [ 106.8674259, -6.1922777 ], [ 106.8678023, -6.1922399 ], [ 106.8678504, -6.1922352 ], [ 106.8684089, -6.1921803 ], [ 106.8689259, -6.1921295 ], [ 106.8696798, -6.192052 ], [ 106.8698609, -6.192032 ], [ 106.8700437, -6.1920129 ], [ 106.8700964, -6.192007 ], [ 106.870214, -6.1919983 ], [ 106.8702319, -6.1919961 ], [ 106.8703678, -6.1919792 ], [ 106.8706714, -6.1919492 ], [ 106.8708674, -6.1919298 ], [ 106.8712932, -6.1919027 ], [ 106.8714213, -6.1918946 ], [ 106.8715647, -6.1918834 ], [ 106.8718996, -6.1918796 ], [ 106.8720984, -6.1918852 ], [ 106.8722318, -6.191889 ], [ 106.8723606, -6.1918987 ], [ 106.8726737, -6.1919221 ], [ 106.8729099, -6.1919398 ], [ 106.8735393, -6.1920265 ], [ 106.8738472, -6.1920761 ], [ 106.8739901, -6.1920992 ], [ 106.874186, -6.1921259 ], [ 106.8743972, -6.1921499 ], [ 106.8744669, -6.1921579 ], [ 106.8745892, -6.1921481 ], [ 106.8747457, -6.1921626 ], [ 106.8748502, -6.1921723 ], [ 106.874945, -6.1921866 ], [ 106.8749804, -6.1921915 ], [ 106.8750302, -6.1921983 ], [ 106.8751375, -6.1922147 ], [ 106.8751875, -6.1922224 ] ], [ [ 106.8562615, -6.1974785 ], [ 106.8563482, -6.1973874 ], [ 106.8564021, -6.1973308 ], [ 106.8566518, -6.1971558 ], [ 106.8568921, -6.1969873 ], [ 106.8571618, -6.1968078 ], [ 106.8571849, -6.1967925 ], [ 106.8572914, -6.1967216 ], [ 106.8574354, -6.1966332 ], [ 106.857469, -6.1966112 ], [ 106.8575124, -6.1965827 ], [ 106.8575964, -6.1965255 ], [ 106.8576094, -6.1965151 ], [ 106.8576746, -6.1964693 ], [ 106.8577902, -6.1963926 ], [ 106.8581716, -6.1961396 ], [ 106.8582007, -6.1961197 ], [ 106.8582682, -6.1960747 ], [ 106.8582957, -6.196055 ], [ 106.8583953, -6.1959843 ], [ 106.8584797, -6.1959287 ], [ 106.8585805, -6.1958623 ], [ 106.8585912, -6.195855 ], [ 106.8593081, -6.195366 ], [ 106.8594749, -6.1952522 ], [ 106.8597239, -6.1950823 ], [ 106.8597909, -6.1950366 ], [ 106.8603592, -6.1946488 ], [ 106.8604404, -6.1945893 ], [ 106.8607223, -6.1944087 ], [ 106.8609694, -6.1942505 ], [ 106.8611593, -6.194118 ], [ 106.8612843, -6.1940786 ] ], [ [ 106.8746342, -6.1923759 ], [ 106.8745698, -6.1923516 ], [ 106.8744861, -6.1923322 ], [ 106.8739862, -6.1922526 ], [ 106.873824, -6.1922287 ], [ 106.873569, -6.1921912 ], [ 106.8734537, -6.1921722 ], [ 106.8731486, -6.1921219 ], [ 106.8731009, -6.1921171 ], [ 106.8728683, -6.1920936 ], [ 106.8724007, -6.1920465 ], [ 106.8722644, -6.1920398 ], [ 106.8719663, -6.192025 ], [ 106.8717619, -6.1920323 ], [ 106.8712425, -6.1920508 ], [ 106.8707699, -6.1920925 ], [ 106.8701488, -6.1921473 ], [ 106.8700128, -6.192162 ], [ 106.8699763, -6.1921657 ], [ 106.8692194, -6.1922416 ], [ 106.8688423, -6.1922794 ], [ 106.868663, -6.1922996 ], [ 106.8683902, -6.1923303 ], [ 106.8680857, -6.1923595 ], [ 106.8677752, -6.1923893 ], [ 106.8676252, -6.1924052 ], [ 106.86719, -6.1924514 ], [ 106.8669161, -6.1924805 ], [ 106.866846, -6.1924873 ], [ 106.8665563, -6.1925156 ], [ 106.8662669, -6.1925438 ], [ 106.8660242, -6.1925708 ], [ 106.8656843, -6.1926086 ], [ 106.8654909, -6.1926301 ], [ 106.8654152, -6.1926418 ], [ 106.8648793, -6.1927475 ], [ 106.8644265, -6.1928498 ], [ 106.8640342, -6.1929618 ], [ 106.8635196, -6.1931409 ], [ 106.863218, -6.1932459 ], [ 106.862805, -6.1934274 ], [ 106.8623936, -6.1936228 ], [ 106.8622259, -6.1937163 ], [ 106.8617059, -6.194003 ], [ 106.8612233, -6.1943298 ], [ 106.8609886, -6.1944887 ], [ 106.8608457, -6.1945854 ], [ 106.860748, -6.1946516 ], [ 106.8606774, -6.1946989 ], [ 106.8599338, -6.1951825 ], [ 106.8597741, -6.195277 ], [ 106.8593862, -6.1955351 ], [ 106.8584966, -6.1961269 ], [ 106.8582936, -6.1962643 ], [ 106.8581625, -6.1963523 ], [ 106.8579491, -6.1964923 ], [ 106.8577686, -6.1966107 ], [ 106.8577274, -6.1966389 ], [ 106.8576357, -6.1967017 ], [ 106.8573296, -6.1969084 ], [ 106.8571727, -6.1970873 ] ], [ [ 106.8614849, -6.1939442 ], [ 106.8616351, -6.1938107 ], [ 106.8617643, -6.19373 ], [ 106.8622359, -6.1934683 ], [ 106.8624109, -6.1933711 ], [ 106.8625546, -6.1932985 ], [ 106.8627707, -6.1931996 ], [ 106.8628701, -6.1931542 ], [ 106.8629319, -6.1931259 ], [ 106.8630929, -6.1930648 ], [ 106.8631828, -6.1930327 ], [ 106.8631962, -6.1930279 ], [ 106.8635647, -6.1928961 ], [ 106.8636524, -6.1928664 ], [ 106.863943, -6.192768 ], [ 106.864329, -6.1926406 ], [ 106.864378, -6.1926248 ], [ 106.8644474, -6.1926025 ], [ 106.8646467, -6.1925591 ], [ 106.8649365, -6.1924949 ], [ 106.865124, -6.1924648 ], [ 106.8652921, -6.1924328 ], [ 106.8654797, -6.192404 ], [ 106.8659018, -6.1923613 ], [ 106.8665655, -6.1922805 ], [ 106.867075, -6.1922277 ], [ 106.8679234, -6.1921451 ], [ 106.8681237, -6.192128 ], [ 106.8683992, -6.1921044 ], [ 106.868498, -6.192096 ], [ 106.8685711, -6.1920898 ], [ 106.8689519, -6.1920575 ], [ 106.8690348, -6.1920461 ], [ 106.8697403, -6.1919793 ], [ 106.8698516, -6.1919685 ], [ 106.8699404, -6.1919626 ], [ 106.8700321, -6.1919554 ], [ 106.8700943, -6.1919473 ], [ 106.8701318, -6.1919432 ], [ 106.8702163, -6.1919331 ], [ 106.8702463, -6.1919296 ], [ 106.8705118, -6.1919076 ], [ 106.8713264, -6.191827 ], [ 106.8714253, -6.1918199 ], [ 106.8715569, -6.1918168 ], [ 106.8718471, -6.1918073 ], [ 106.8722643, -6.1918209 ], [ 106.8723653, -6.1918242 ], [ 106.8723713, -6.1918244 ], [ 106.8728343, -6.1918589 ], [ 106.8734511, -6.1919415 ], [ 106.8737533, -6.1919808 ], [ 106.8738191, -6.1919894 ], [ 106.8738307, -6.1919909 ], [ 106.8738594, -6.1919943 ], [ 106.8741995, -6.1920341 ], [ 106.8744307, -6.1920606 ], [ 106.8744991, -6.1920822 ], [ 106.8745892, -6.1921481 ] ], [ [ 106.8751485, -6.1924478 ], [ 106.8751016, -6.1924425 ], [ 106.8749865, -6.1924297 ], [ 106.8749055, -6.1924199 ], [ 106.8747863, -6.1924006 ], [ 106.8746342, -6.1923759 ], [ 106.8745769, -6.1923966 ], [ 106.874544, -6.1924032 ], [ 106.8744803, -6.1924013 ], [ 106.8744239, -6.1923962 ], [ 106.8740464, -6.1923352 ], [ 106.8738285, -6.192299 ], [ 106.8738134, -6.1922965 ], [ 106.8736999, -6.1922777 ], [ 106.8734861, -6.1922422 ], [ 106.8734359, -6.1922339 ], [ 106.873388, -6.1922259 ], [ 106.8732011, -6.1921964 ], [ 106.8725995, -6.192132 ], [ 106.8724928, -6.1921206 ], [ 106.8724627, -6.1921174 ], [ 106.8723528, -6.1921056 ], [ 106.8722031, -6.192101 ], [ 106.8720876, -6.1920975 ], [ 106.8718246, -6.1920925 ], [ 106.8717425, -6.1920959 ], [ 106.8713129, -6.1921138 ], [ 106.871079, -6.1921341 ], [ 106.8706375, -6.1921725 ], [ 106.8704211, -6.1921913 ], [ 106.8701875, -6.1922135 ], [ 106.8701598, -6.1922161 ], [ 106.8701185, -6.1922221 ], [ 106.8699974, -6.1922331 ], [ 106.8698977, -6.1922443 ], [ 106.8696835, -6.1922681 ], [ 106.8694258, -6.1922967 ], [ 106.8693295, -6.1923069 ], [ 106.8692672, -6.1923135 ], [ 106.8692329, -6.1923171 ], [ 106.8691794, -6.1923231 ], [ 106.8689462, -6.1923514 ], [ 106.8687519, -6.1923701 ], [ 106.8685016, -6.1923946 ], [ 106.8684873, -6.1923954 ], [ 106.8684438, -6.1923988 ], [ 106.8683933, -6.1924036 ], [ 106.8682999, -6.1924124 ], [ 106.867912, -6.192449 ], [ 106.8677454, -6.1924647 ], [ 106.8674708, -6.1924906 ], [ 106.8672089, -6.1925153 ], [ 106.8669458, -6.1925406 ], [ 106.8669226, -6.1925427 ], [ 106.8668305, -6.1925526 ], [ 106.8667529, -6.1925577 ], [ 106.8665441, -6.1925752 ], [ 106.8664191, -6.1925856 ], [ 106.866169, -6.192612 ], [ 106.8658622, -6.1926443 ], [ 106.865469, -6.1927103 ], [ 106.8654574, -6.1927123 ], [ 106.8652679, -6.1927451 ], [ 106.8651762, -6.1927624 ], [ 106.8650998, -6.1927771 ], [ 106.8647583, -6.1928429 ], [ 106.8644913, -6.1929018 ], [ 106.8644553, -6.1929111 ], [ 106.8643624, -6.1929394 ], [ 106.8641849, -6.1929861 ], [ 106.8638515, -6.193088 ], [ 106.8632587, -6.1933029 ], [ 106.8632001, -6.1933286 ], [ 106.8627708, -6.1935168 ], [ 106.8623432, -6.1937369 ], [ 106.8620915, -6.1938725 ], [ 106.8619711, -6.1939374 ], [ 106.8617133, -6.1940855 ], [ 106.8612773, -6.1943707 ], [ 106.8612416, -6.194394 ], [ 106.8611812, -6.1944353 ], [ 106.8609617, -6.1945851 ], [ 106.8608788, -6.1946401 ], [ 106.8606216, -6.1948118 ], [ 106.8604886, -6.1948954 ], [ 106.860332, -6.1949938 ], [ 106.8601567, -6.1951141 ], [ 106.8600646, -6.1951751 ], [ 106.8599326, -6.1952751 ], [ 106.859828, -6.195344 ], [ 106.859592, -6.195504 ], [ 106.8594714, -6.1955809 ], [ 106.8591045, -6.1958228 ], [ 106.8590053, -6.1958882 ], [ 106.8585492, -6.1961987 ], [ 106.8585148, -6.1962221 ], [ 106.8584382, -6.1962743 ], [ 106.8584119, -6.1962915 ], [ 106.858344, -6.1963355 ], [ 106.8583098, -6.1963576 ], [ 106.8579069, -6.196635 ], [ 106.8578723, -6.1966588 ], [ 106.8578313, -6.1966867 ], [ 106.8577298, -6.1967543 ], [ 106.8576857, -6.1967849 ], [ 106.8576106, -6.1968364 ], [ 106.857602, -6.1968423 ], [ 106.8574052, -6.1969688 ], [ 106.8573646, -6.1969949 ], [ 106.8572247, -6.1970622 ], [ 106.8571727, -6.1970873 ], [ 106.8571071, -6.1971312 ], [ 106.8566107, -6.1974635 ], [ 106.8563761, -6.1976206 ], [ 106.8563528, -6.1976362 ], [ 106.8562999, -6.1976841 ], [ 106.8562406, -6.1977377 ], [ 106.8561058, -6.1978691 ], [ 106.8556439, -6.1981861 ], [ 106.8552611, -6.198465 ], [ 106.8549952, -6.1986683 ], [ 106.8548566, -6.1987742 ], [ 106.8545722, -6.1990013 ], [ 106.854246, -6.1992617 ], [ 106.8542002, -6.1992988 ], [ 106.8541313, -6.199353 ], [ 106.8538511, -6.1996002 ] ] ] } }
]
}
