<?xml version="1.0" encoding="utf-8" ?>
<kml xmlns="http://www.opengis.net/kml/2.2">
<Document id="root_doc">
<Schema name="Jalan_Ganjil_Genap" id="Jalan_Ganjil_Genap">
	<SimpleField name="NAMOBJ" type="string"></SimpleField>
	<SimpleField name="SRS_ID" type="string"></SimpleField>
	<SimpleField name="FCODE" type="string"></SimpleField>
	<SimpleField name="KOTA" type="string"></SimpleField>
	<SimpleField name="PERIODE" type="float"></SimpleField>
	<SimpleField name="METADATA" type="string"></SimpleField>
	<SimpleField name="REMARK" type="string"></SimpleField>
</Schema>
<Folder><name>Jalan_Ganjil_Genap</name>
  <Placemark>
	<Style><LineStyle><color>ff0000ff</color></LineStyle><PolyStyle><fill>0</fill></PolyStyle></Style>
	<ExtendedData><SchemaData schemaUrl="#Jalan_Ganjil_Genap">
		<SimpleData name="NAMOBJ">Jalan Suryopranoto</SimpleData>
		<SimpleData name="SRS_ID">EPSG 32748</SimpleData>
		<SimpleData name="FCODE">CA02010160</SimpleData>
		<SimpleData name="KOTA">Kota Administrasi Jakarta Pusat</SimpleData>
		<SimpleData name="PERIODE">2025</SimpleData>
		<SimpleData name="METADATA">PEMBATASANLALIN5000DKIJAKARTA</SimpleData>
	</SchemaData></ExtendedData>
      <MultiGeometry><LineString><coordinates>106.8147574,-6.17025899999999 106.8148095,-6.17025109999999 106.8152927,-6.1701782 106.8153875,-6.1701639 106.8159404,-6.1700805 106.8159982,-6.1700708 106.8162335,-6.17003140000001 106.8162891,-6.17002209999999 106.8163732,-6.170008 106.8164129,-6.17000129999999 106.8167828,-6.16993930000001 106.8173124,-6.16985060000001 106.8173577,-6.16984400000001 106.8174379,-6.16982890000001 106.8178788,-6.16974710000001 106.8178936,-6.16974320000001 106.8182511,-6.1696641 106.8185757,-6.16957969999999 106.8187665,-6.16952570000001 106.8188856,-6.16948970000001 106.8190622,-6.1694149 106.8192373,-6.16929890000001 106.8194055,-6.1691149 106.8194442,-6.1690622 106.8195323,-6.1689483 106.8195739,-6.16889630000001 106.8197132,-6.168722 106.8198548,-6.168552 106.8204849,-6.16791729999999 106.8205871,-6.1678044 106.820654,-6.167713 106.8206923,-6.16766079999999</coordinates></LineString><LineString><coordinates>106.8207598,-6.167831 106.820752,-6.1678412 106.8206796,-6.16793580000001 106.8200054,-6.168626 106.8198137,-6.1688616 106.8196516,-6.169069 106.8195306,-6.16923069999999 106.8195104,-6.16925919999999 106.8193709,-6.1694016 106.819217,-6.16952369999999 106.8191189,-6.1695835 106.8189991,-6.1696327 106.8187494,-6.1697067 106.8182235,-6.1698375 106.8180069,-6.16988130000001 106.8176701,-6.16994379999999 106.817341,-6.1700026 106.8170827,-6.1700505 106.8167168,-6.1701227 106.8159706,-6.1702521 106.8148427,-6.1704257 106.8148005,-6.1704322</coordinates></LineString></MultiGeometry>
  </Placemark>
  <Placemark>
	<Style><LineStyle><color>ff0000ff</color></LineStyle><PolyStyle><fill>0</fill></PolyStyle></Style>
	<ExtendedData><SchemaData schemaUrl="#Jalan_Ganjil_Genap">
		<SimpleData name="NAMOBJ">Jalan Balikpapan</SimpleData>
		<SimpleData name="SRS_ID">EPSG 32748</SimpleData>
		<SimpleData name="FCODE">CA02010160</SimpleData>
		<SimpleData name="KOTA">Kota Administrasi Jakarta Pusat</SimpleData>
		<SimpleData name="PERIODE">2025</SimpleData>
		<SimpleData name="METADATA">PEMBATASANLALIN5000DKIJAKARTA</SimpleData>
	</SchemaData></ExtendedData>
      <MultiGeometry><LineString><coordinates>106.8108238,-6.17093919999999 106.8108799,-6.17093339999999 106.8110715,-6.17091379999999 106.8111008,-6.17091049999999 106.8111138,-6.17090900000001 106.8111253,-6.17090750000001 106.8113064,-6.1708846 106.8124345,-6.17068290000001 106.8130151,-6.17057889999999 106.8133548,-6.1705177 106.8137599,-6.17044479999999 106.8147219,-6.1702654 106.8147574,-6.17025899999999</coordinates></LineString><LineString><coordinates>106.8148005,-6.1704322 106.8147602,-6.1704394 106.8142995,-6.1705217 106.8137985,-6.17061119999999 106.8125252,-6.17084729999999 106.8116516,-6.1709983 106.811585,-6.17100950000001 106.8111428,-6.17108480000001 106.810844256047,-6.17112157788085</coordinates></LineString></MultiGeometry>
  </Placemark>
  <Placemark>
	<Style><LineStyle><color>ff0000ff</color></LineStyle><PolyStyle><fill>0</fill></PolyStyle></Style>
	<ExtendedData><SchemaData schemaUrl="#Jalan_Ganjil_Genap">
		<SimpleData name="NAMOBJ">Jalan Gunung Sahari</SimpleData>
		<SimpleData name="SRS_ID">EPSG 32748</SimpleData>
		<SimpleData name="FCODE">CA02010160</SimpleData>
		<SimpleData name="KOTA">Kota Administrasi Jakarta Pusat dan Kota Administrasi Jakarta Utara</SimpleData>
		<SimpleData name="PERIODE">2025</SimpleData>
		<SimpleData name="METADATA">PEMBATASANLALIN5000DKIJAKARTA</SimpleData>
	</SchemaData></ExtendedData>
      <MultiGeometry><LineString><coordinates>106.8309786,-6.1303917 106.8310101,-6.13055179999999 106.8310429,-6.13070999999999 106.8310678,-6.1308377 106.8311391,-6.13127449999999 106.8311824,-6.13149419999999 106.8311872,-6.1315272 106.8311677,-6.1315708 106.8311846,-6.1316577 106.8312196,-6.1318394 106.8312366,-6.1319231 106.8312504,-6.131978 106.8313173,-6.1322086 106.8313401,-6.13224959999999 106.8314213,-6.1324441 106.8316273,-6.13328900000001 106.8316452,-6.1333818 106.8316498,-6.1334042 106.8316729,-6.133515 106.8317752,-6.1338896 106.8318144,-6.1340384 106.8318258,-6.13408369999999 106.8318314,-6.1341058 106.8319308,-6.13451439999999 106.8319382,-6.1345443 106.8319727,-6.1346835 106.8319821,-6.1347204 106.8319927,-6.13476240000001 106.8320229,-6.1348898 106.8320618,-6.1350705 106.8320748,-6.13513290000001 106.8320771,-6.1351438 106.8320792,-6.135153 106.8320805,-6.135159 106.8321478,-6.1354617 106.83216,-6.1355102 106.8321891,-6.135635 106.83222,-6.1357611 106.8322235,-6.1357769 106.8322912,-6.13608709999999 106.8323179,-6.13619910000001 106.8323633,-6.13638989999999 106.832426,-6.13666529999999 106.8324612,-6.1368215 106.8324887,-6.1369414 106.8325448,-6.1371861 106.8326215,-6.13750069999999 106.8326962,-6.13783730000001 106.8327612,-6.13813310000001 106.8328122,-6.13835539999999 106.8328506,-6.1385446 106.8329508,-6.1390008 106.8329937,-6.1391963 106.8329964,-6.13920849999999 106.8331147,-6.13969060000001 106.8331411,-6.1398033 106.8331739,-6.1399426 106.8331866,-6.13999740000001 106.8332677,-6.140347 106.8333343,-6.14063410000001 106.8334387,-6.14112999999999 106.8334466,-6.14116770000001 106.8334534,-6.1411999 106.8334847,-6.1413415 106.8335387,-6.1415965 106.8335504,-6.1416465 106.8335599,-6.1417048 106.8335672,-6.14173909999999 106.8335727,-6.14177629999999 106.833575516405,-6.14179535567705 106.8335774,-6.14180809999999 106.8335854,-6.14186150000001 106.8336728,-6.14228159999999 106.8337988,-6.14288730000001 106.833903,-6.14336129999999 106.8339509,-6.14357250000001 106.8340371,-6.1438811 106.8340503,-6.1439445 106.8340579,-6.1439824 106.8340862,-6.144123 106.8341141,-6.14426190000001 106.8341407,-6.1443882 106.8341636,-6.1444977 106.8341797,-6.14457439999999 106.834181,-6.1445806 106.8341941,-6.1446342 106.834232,-6.1447892 106.8343571,-6.1453377 106.8343793,-6.1454618 106.8343963,-6.1455598 106.8344056,-6.14568419999999 106.8344159,-6.1458184 106.8344105,-6.1458863 106.8344075,-6.14624449999999 106.8344037,-6.14644799999999 106.8344009,-6.1465411 106.8344002,-6.1465653 106.8343852,-6.1468993 106.8343918,-6.1470739 106.83441,-6.1472273 106.8344484,-6.14743000000001 106.8344554,-6.1474571 106.8345003,-6.1476646 106.8345263,-6.14777629999999 106.8345823,-6.14801349999999 106.8345993,-6.14808470000001 106.8346924,-6.14837520000001 106.8347746,-6.1486474 106.8347922,-6.14872220000001 106.8349056,-6.1491271 106.8349292,-6.14921190000001 106.8350425,-6.1496352 106.8350941,-6.14981919999999 106.8350977,-6.14983350000001 106.8351565,-6.1500666 106.8351974,-6.15024730000001 106.8352141,-6.15030330000001 106.8353402,-6.1507773 106.8354555,-6.15123529999999 106.8355693,-6.1516717 106.8355789,-6.15170860000001 106.8356063,-6.15182000000001 106.8356644,-6.15205630000001 106.8357232,-6.1522885 106.835739,-6.15234949999999 106.8357951,-6.1525664 106.8358114,-6.1526294 106.8358233,-6.1526755 106.8358834,-6.15291509999999 106.8358975,-6.1529698 106.8359667,-6.15323780000001 106.8360091,-6.153402 106.8360607,-6.153602 106.8360797,-6.1536757 106.8361378,-6.15390069999999 106.8362027,-6.15415820000001 106.8362826,-6.15447500000001 106.8363307,-6.1546697 106.8364022,-6.1549524 106.8364126,-6.1549903 106.8364531,-6.15515099999999 106.836481,-6.1552615 106.8365271,-6.1554425 106.8365807,-6.15564590000001 106.8365993,-6.1557285 106.8366128,-6.15578400000001 106.8366756,-6.15603299999999 106.8367045,-6.1561475 106.8367224,-6.15621870000001 106.8367955,-6.1565082 106.8368093,-6.1565631 106.8369159,-6.1569859 106.8370026,-6.1573297 106.8370527,-6.15752850000001 106.837115,-6.15777529999999 106.837199,-6.1580856 106.8372453,-6.1582628 106.8372585,-6.15831340000001 106.8373422,-6.1586424 106.8374149,-6.1589279 106.8374446,-6.1590377 106.8374553,-6.15908770000001 106.8374708,-6.15916060000001 106.8374809,-6.15920769999999 106.837532165287,-6.15944456133433</coordinates></LineString><LineString><coordinates>106.8313079,-6.1324799 106.8312697,-6.13225470000001 106.8312639,-6.1322222 106.8312479,-6.13215780000001 106.831221,-6.1320496 106.8311851,-6.1319109 106.8311613,-6.13179150000001 106.8311228,-6.1315629 106.8311084,-6.131539</coordinates></LineString><LineString><coordinates>106.8311872,-6.1315272 106.8312158,-6.1315592 106.8312325,-6.1316458 106.8312492,-6.1317339 106.8312918,-6.13191960000001 106.8313092,-6.13199029999999 106.8313396,-6.1321007 106.831366,-6.1321907 106.8313791,-6.1322468 106.8314213,-6.1324441</coordinates></LineString><LineString><coordinates>106.840522616373,-6.17205308959383 106.8405039,-6.1719817 106.8403324,-6.1713004 106.8402746,-6.17107860000001 106.8401742,-6.17069310000001 106.8401231,-6.1704971 106.8400552,-6.17023129999999 106.8399805,-6.16993930000001 106.8399687,-6.1698915 106.8399226,-6.1697052 106.8398722,-6.16950149999999 106.8397856,-6.16915919999999 106.8396825,-6.16875190000001 106.8395213,-6.16811470000001 106.8395067,-6.1680539 106.8394845,-6.16797709999999 106.839318,-6.16731100000001 106.8391893,-6.1667964 106.8391171,-6.16650779999999 106.8390941,-6.1664287 106.8389483,-6.16587600000001 106.8389291,-6.1658031 106.838874,-6.16558010000001 106.8388268,-6.1654036 106.8388016,-6.16527419999999 106.8387523,-6.1650333 106.8387311,-6.1649409 106.8387207,-6.16489600000001 106.8386588,-6.16462649999999 106.838502,-6.16400569999999 106.8384686,-6.16386940000001 106.8384353,-6.1637614 106.8383918,-6.16364470000001 106.8383379,-6.1634664 106.8382371,-6.16305809999999 106.8381376,-6.16264140000001 106.8380957,-6.1624798 106.8379937,-6.16207029999999 106.8379346,-6.1618083 106.8378963,-6.1616309 106.837846,-6.1613978 106.8375783,-6.1603393 106.8375103,-6.16006099999999 106.8373688,-6.1594783 106.837324,-6.15929079999999 106.8373126,-6.1592385 106.8372859,-6.1591211 106.837273,-6.159066 106.8372514,-6.1589733 106.8371601,-6.15861740000001 106.8369892,-6.15795119999999 106.8369554,-6.1578136 106.8367315,-6.1569325 106.8367115,-6.15685400000001 106.8366958,-6.15679220000001 106.8366722,-6.15669640000001 106.8366456,-6.15658840000001 106.8365953,-6.1563878 106.8365034,-6.1560225 106.8363236,-6.1553068 106.8361632,-6.1546683 106.8359738,-6.15391449999999 106.8359674,-6.1538892 106.8356842,-6.15277020000001 106.8356382,-6.1525883 106.8354508,-6.15184829999999 106.8354236,-6.15174889999999 106.8352577,-6.15109860000001 106.835247,-6.1510556 106.8351156,-6.1505273 106.8350587,-6.150284 106.8350104,-6.150122 106.8349223,-6.1497964 106.8347761,-6.14925579999999 106.8347545,-6.1491846 106.8346009,-6.1487306 106.8345264,-6.148475 106.8344631,-6.1482575 106.8343425,-6.1477991 106.834264,-6.1474918 106.8342057,-6.14720600000001 106.8341957,-6.1469298 106.8342022,-6.1466741 106.8342039,-6.1466136 106.834208,-6.14645829999999 106.8342181,-6.1463048 106.8342193,-6.14622049999999 106.8342334,-6.145803 106.834227,-6.1456871 106.8342204,-6.14557299999999 106.8341922,-6.1453497 106.8341823,-6.14529829999999 106.8341737,-6.1452538 106.8341591,-6.1451942 106.8341325,-6.14506769999999 106.8341148,-6.1449861 106.8340686,-6.14475399999999 106.8340171,-6.1446181 106.8339744,-6.1444252 106.8338239,-6.14376080000001 106.8337556,-6.143456 106.8336965,-6.14314179999999 106.8336239,-6.14281420000001 106.8334646,-6.1421408 106.8334524,-6.14208869999999 106.8333855,-6.1418055 106.8333765,-6.14176849999999 106.833376424541,-6.14176813767394 106.8333644,-6.14171039999999 106.8333537,-6.1416586 106.833346,-6.1416252 106.8333376,-6.14158920000001 106.8332767,-6.14129810000001 106.8332521,-6.14119850000001 106.8332446,-6.1411635 106.8329632,-6.13984880000001 106.8327392,-6.13888200000001 106.8326972,-6.13871310000001 106.8326636,-6.1385599 106.8325907,-6.1382238 106.8324997,-6.1377786 106.8324294,-6.13747 106.8324101,-6.1373926 106.832355,-6.1371055 106.8323298,-6.13697449999999 106.8323172,-6.1369182 106.8322453,-6.1365973 106.8319995,-6.1355164 106.8319329,-6.1351614 106.8319238,-6.13510690000001 106.8319109,-6.13504780000001 106.8319017,-6.13500910000001 106.8318645,-6.13485279999999 106.8318279,-6.13471809999999 106.8318089,-6.1346486 106.8317843,-6.13454479999999 106.8316203,-6.13393630000001 106.83158,-6.1337423 106.8315208,-6.13343920000001 106.8315174,-6.1334222 106.831388,-6.13281760000001 106.8313842,-6.13279999999999 106.8313079,-6.1324799 106.8312318,-6.1322575 106.8311957,-6.132104 106.8311348,-6.13185960000001 106.8311239,-6.131805 106.8310987,-6.1315749 106.8310975,-6.1315625 106.8311084,-6.131539 106.8310818,-6.131438 106.8310563,-6.1313018 106.8309673,-6.1307177 106.8309418,-6.1305608 106.8309115,-6.13040190000001 106.8308992,-6.1303393 106.8308965,-6.13032579999999</coordinates></LineString><LineString><coordinates>106.8375313,-6.1594421 106.8375794,-6.15963639999999 106.8376146,-6.1597784 106.8376455,-6.15990310000001 106.8377216,-6.16021049999999 106.8377548,-6.1603442 106.8377712,-6.16041030000001 106.8378105,-6.160569 106.8378278,-6.1606392 106.8378841,-6.1608661 106.8378941,-6.16090669999999 106.837916,-6.16099499999999 106.8380212,-6.16141960000001 106.838123,-6.16183060000001 106.8382408,-6.1623051 106.838252,-6.16235039999999 106.8383133,-6.16259879999999 106.8383631,-6.1627975 106.838412,-6.16299730000001 106.8384663,-6.1632418 106.8384928,-6.1633478 106.8385602,-6.16360109999999 106.838580252777,-6.16368353713752</coordinates></LineString><LineString><coordinates>106.838580252777,-6.16368401706853 106.8386569,-6.16395900000001 106.8386935,-6.1640813 106.8388213,-6.16458609999999 106.8389407,-6.1650777 106.8390716,-6.1656074 106.8391146,-6.1657768 106.8391562,-6.1659375 106.8391913,-6.1660672 106.8393123,-6.16659650000001 106.8393491,-6.16673539999999 106.8393942,-6.1669093 106.8395138,-6.1673905 106.8395377,-6.16747849999999 106.8396002,-6.16770929999999 106.8396176,-6.16777339999999 106.8396632,-6.167937 106.839686577073,-6.16801775661859</coordinates></LineString><LineString><coordinates>106.839686663599,-6.1680184270829 106.8397647,-6.1683581 106.8398691,-6.16879279999999 106.8398913,-6.1688859 106.8399067,-6.1689507 106.8399385,-6.1690686 106.839955,-6.1691382 106.8399735,-6.169216 106.8400716,-6.1695847 106.8400904,-6.1696571 106.8401031,-6.1697153 106.8401173,-6.16978010000001 106.8401319,-6.1698468 106.8401436,-6.1698949 106.8401638,-6.16997619999999 106.8401834,-6.1700547 106.8402271,-6.17022349999999 106.8402681,-6.170379 106.8403054,-6.17052070000001 106.8403483,-6.1706767 106.8405213,-6.17137100000001 106.8406393,-6.17185849999999 106.840653822018,-6.17191476522272</coordinates></LineString></MultiGeometry>
  </Placemark>
  <Placemark>
	<Style><LineStyle><color>ff0000ff</color></LineStyle><PolyStyle><fill>0</fill></PolyStyle></Style>
	<ExtendedData><SchemaData schemaUrl="#Jalan_Ganjil_Genap">
		<SimpleData name="NAMOBJ">Jalan H.R. Rasuna Said</SimpleData>
		<SimpleData name="SRS_ID">EPSG 32748</SimpleData>
		<SimpleData name="FCODE">CA02010160</SimpleData>
		<SimpleData name="KOTA">Kota Administrasi Jakarta Selatan</SimpleData>
		<SimpleData name="PERIODE">2025</SimpleData>
		<SimpleData name="METADATA">PEMBATASANLALIN5000DKIJAKARTA</SimpleData>
	</SchemaData></ExtendedData>
      <MultiGeometry><LineString><coordinates>106.827309743326,-6.23651371513424 106.82772379469,-6.2358763970978 106.828097776568,-6.23538513058269 106.82842501071,-6.23501999976655 106.829176313589,-6.23459180057647 106.829967685955,-6.23419347543463 106.830742362701,-6.23378187247025 106.831306674641,-6.23335699165212 106.831840934466,-6.23282589014553 106.832421942025,-6.23198940418236 106.832856028133,-6.23090728147378 106.833129836293,-6.22995129391162 106.833143192789,-6.22944010540347 106.833022984328,-6.22764762228596 106.832902775868,-6.22579538330249 106.832813821855,-6.22503412252644 106.832749176168,-6.22448088715776 106.832582219973,-6.22342530453907 106.832388550786,-6.22267510931335 106.831907716944,-6.22076310247912 106.831453596093,-6.2197407070819 106.83112636195,-6.21874486549782 106.830678919347,-6.21699881870148 106.830491928408,-6.21519301515703 106.830371719947,-6.21308181050711 106.830311615717,-6.21079798210471 106.83015133777,-6.20947017033951 106.829848219451,-6.20826480932826 106.829830781875,-6.20819546789508 106.829496869484,-6.20738549911393 106.829129565854,-6.20669503294013 106.828742227481,-6.2060510396355 106.828261393639,-6.20527426315892 106.827940837744,-6.20463026811787 106.827833985779,-6.20403938537765</coordinates></LineString><LineString><coordinates>106.827994263727,-6.20405930278418 106.82801429847,-6.20441117684203 106.828421671587,-6.20523442843693 106.829162957094,-6.20629668665898 106.829563651962,-6.20710001801718 106.830137981274,-6.20842783575812 106.830328311337,-6.20900543543068 106.830575406506,-6.21061208865916 106.830608797745,-6.21188014621662 106.830588763001,-6.21288927884403 106.830695614966,-6.2146818122926 106.830829179922,-6.2163681159621 106.831229874791,-6.21831333355898 106.831590500173,-6.21944859374607 106.832037942776,-6.2204709897114 106.832291716193,-6.22124110483978 106.83275919354,-6.22323277666297 106.832959540974,-6.22407591546047 106.833053036444,-6.22530410735055 106.833153210161,-6.22677129497903 106.833219992639,-6.22730240261237 106.833273418621,-6.2278932592232 106.833340201099,-6.22882933406568 106.833386948834,-6.22968574150199 106.833260062126,-6.23042928791038 106.833019645204,-6.23119274964428 106.832638985079,-6.23208234713302 106.83227168145,-6.2326333657166 106.831685255969,-6.23331634865939 106.830950648704,-6.23386072719178 106.830196006696,-6.23430552386592 106.829220982509,-6.23477687515371 106.828793574645,-6.23504242498846 106.828446305757,-6.23527478098354 106.828212567082,-6.23555360804176 106.827865298193,-6.23600504201213 106.827538064048,-6.23649630795006 106.827457925073,-6.2366158050005</coordinates></LineString><LineString><coordinates>106.829850816618,-6.20826849780595 106.829848219451,-6.20826480932826 106.829663825679,-6.20800293444519 106.82941673051,-6.20743197276621 106.829189670085,-6.20703362704229 106.828949253164,-6.20662200281113 106.828875792438,-6.20627676933703</coordinates></LineString><LineString><coordinates>106.832936167107,-6.22655221292381 106.832869384629,-6.22631985306837 106.832862706381,-6.22590824392926 106.832795923903,-6.22533066281916 106.832813821855,-6.22503412252644 106.832815958646,-6.22499871936503</coordinates></LineString><LineString><coordinates>106.8330330017,-6.22491241403261 106.83309310593,-6.22502527484909 106.833139853665,-6.22540369035091 106.833193279648,-6.22624018680856 106.833240027382,-6.22686423885365 106.833199957895,-6.22702357117185</coordinates></LineString></MultiGeometry>
  </Placemark>
  <Placemark>
	<Style><LineStyle><color>ff0000ff</color></LineStyle><PolyStyle><fill>0</fill></PolyStyle></Style>
	<ExtendedData><SchemaData schemaUrl="#Jalan_Ganjil_Genap">
		<SimpleData name="NAMOBJ">Jalan Jenderal Sudirman</SimpleData>
		<SimpleData name="SRS_ID">EPSG 32748</SimpleData>
		<SimpleData name="FCODE">CA02010160</SimpleData>
		<SimpleData name="KOTA">Kota Administrasi Jakarta Pusat dan Kota Administrasi Jakarta Selatan</SimpleData>
		<SimpleData name="PERIODE">2025</SimpleData>
		<SimpleData name="METADATA">PEMBATASANLALIN5000DKIJAKARTA</SimpleData>
	</SchemaData></ExtendedData>
      <MultiGeometry><LineString><coordinates>106.7999188,-6.2286172 106.8000482,-6.22850059999999 106.8002756,-6.22829559999999 106.8005197,-6.2280862 106.8007674,-6.22788979999999 106.8008203,-6.2278478 106.8008813,-6.2278013 106.8009476,-6.2277532 106.8016823,-6.2272084 106.8017603,-6.22714959999999 106.8022834,-6.22675569999999 106.8025684,-6.2265312 106.8031338,-6.22609930000001 106.8036738,-6.2256802 106.8038271,-6.22555870000001 106.804026,-6.2254009 106.8040629,-6.22537049999999 106.8047132,-6.22489600000001 106.8047823,-6.2248431 106.8056046,-6.2242191 106.8056806,-6.22416680000001 106.8064028,-6.22367619999999 106.8070217,-6.2232799 106.8075922,-6.2229201 106.8082341,-6.2225146 106.8088477,-6.22208449999999 106.8089505,-6.2220097 106.8091658,-6.22183770000001 106.8096252,-6.2214669 106.8097358,-6.2213725 106.8097972,-6.2213078 106.8105294,-6.2207779 106.8121227,-6.21954489999999 106.8127392,-6.2190465</coordinates></LineString><LineString><coordinates>106.81274137899,-6.21904365365822 106.8152899,-6.21699109999999 106.815393,-6.2169136 106.8155182,-6.2168167 106.8155774,-6.2167709 106.8158105,-6.21657889999999 106.8158508,-6.2165457 106.8162167,-6.21624439999999 106.8164362,-6.21607520000001 106.8166557,-6.215906 106.8166899,-6.21587740000001 106.8169454,-6.2156764 106.8169843,-6.21564430000001 106.8173264,-6.2153753 106.8176802,-6.2150958 106.8178928,-6.21490989999999 106.8179511,-6.21486270000001 106.8180433,-6.21480849999999 106.8181472,-6.21471049999999 106.8185753,-6.2142997 106.8186977,-6.2141766 106.8187341,-6.21411929999999 106.8189519,-6.21384730000001 106.8194759,-6.21314969999999 106.8195811,-6.21299090000001 106.8196866,-6.2128223 106.8198159,-6.21260590000001 106.8200768,-6.21214940000001 106.8202114,-6.21188020000001 106.820302,-6.21170480000001 106.8206711,-6.21096389999999 106.820731,-6.2108437 106.8211219,-6.21007360000001 106.8212838,-6.20973800000001 106.8214457,-6.2094023 106.8215556,-6.2091356 106.8216696,-6.20878899999999 106.8218153,-6.2082488 106.8219192,-6.20772050000001 106.8219405,-6.2075604 106.8219809,-6.207199 106.8220348,-6.20670049999999 106.8220622,-6.20642790000001 106.822074,-6.2063076 106.8220925,-6.2061392 106.8221182,-6.20592489999999 106.8221489,-6.20565180000001 106.8221933,-6.2052006 106.8222272,-6.20493660000001 106.8222496,-6.2047329 106.8222542,-6.2046906 106.8223201,-6.20423470000001 106.8223953,-6.20387820000001 106.8224415,-6.2035865 106.8225169,-6.2032772 106.8225487,-6.2031715 106.8226164,-6.2029262 106.8226572,-6.202758 106.8227352,-6.2023773 106.8227617,-6.2022481 106.8228588,-6.2018083 106.8228752,-6.20173410000001 106.8228799,-6.201713 106.8228871,-6.2016752 106.8229985,-6.20111750000001 106.8230014,-6.2010968 106.8230392,-6.20082389999999 106.8230652,-6.2005712 106.8230778,-6.2001229 106.8230708,-6.1999427 106.8230745,-6.19968810000001 106.8230713,-6.19963019999999 106.8230709,-6.1995974 106.8230661,-6.1993485 106.8230606,-6.19920739999999 106.8230553,-6.1990834 106.8230525,-6.19901809999999 106.8230508,-6.1989774 106.8230468,-6.198754 106.8230462,-6.1987193 106.8230447,-6.1986343 106.8230456,-6.1985359 106.8230329,-6.19788690000001 106.8230323,-6.19778959999999 106.8230317,-6.19768940000001 106.8230309,-6.19756489999999 106.8230309,-6.1975609 106.8230287,-6.1974786 106.8230282,-6.1974618 106.8230239,-6.197302 106.8230109,-6.19682790000001 106.8230058,-6.1966303 106.8229877,-6.1959222 106.8229792,-6.195757 106.8229703,-6.1957006 106.8229462,-6.1956441 106.8228069,-6.1954878 106.8227774,-6.1954644 106.8226957,-6.1953768</coordinates></LineString><LineString><coordinates>106.8178711,-6.215234 106.8179218,-6.2152183 106.8179814,-6.215177 106.8181293,-6.21508930000001 106.8182709,-6.2150044 106.818455,-6.21485209999999 106.8184949,-6.21481330000001 106.8186222,-6.2146219 106.8187112,-6.2144925 106.8187514,-6.2144005 106.818677,-6.21445590000001 106.8186007,-6.2145344 106.8182262,-6.214888 106.817889,-6.215189 106.8178711,-6.215234 106.8172291,-6.21574019999999 106.8169269,-6.21597739999999 106.8169208,-6.2159833 106.8166889,-6.21616620000001 106.8166722,-6.2161794 106.8163751,-6.21641369999999 106.8159091,-6.21678120000001 106.815776,-6.21688610000001 106.8157349,-6.2169185 106.8155768,-6.21704320000001 106.8153362,-6.2172329 106.8153198,-6.21724580000001 106.8152007,-6.2173398 106.8146549,-6.2177701 106.8144027,-6.21796910000001 106.8140444,-6.2182516 106.8139471,-6.2183283 106.8130937,-6.21900130000001 106.8126979,-6.21931339999999 106.8122223,-6.21967759999999 106.8114633,-6.220284 106.810708,-6.2208959 106.810479,-6.2210814 106.8102348,-6.2212776 106.8089753,-6.22227359999999 106.8085555,-6.2225634 106.8076947,-6.22312439999999 106.8073325,-6.2233477 106.8067591,-6.2237129 106.8066464,-6.2237874 106.8065732,-6.2238357 106.8064061,-6.22395139999999 106.8063217,-6.224008 106.806234,-6.22407009999999 106.806053,-6.22420030000001 106.8059224,-6.2242956 106.8055111,-6.2245928 106.8052728,-6.2247767 106.8051812,-6.2248461 106.8050625,-6.22493849999999 106.8049562,-6.2250121 106.8047173,-6.22519369999999 106.8046256,-6.2252594 106.804333,-6.22548259999999 106.8042641,-6.22553499999999 106.804181,-6.2256019 106.8039401,-6.2257798 106.8035838,-6.22604979999999 106.8031267,-6.2263903 106.8019031,-6.2273184 106.8017715,-6.22741669999999 106.8014529,-6.2276581 106.8012452,-6.22781189999999 106.8011206,-6.22791409999999 106.8006297,-6.22830129999999 106.8003453,-6.2285355 106.7999998,-6.22882830000001 106.7999437,-6.2288837 106.7999096,-6.228925 106.7998855,-6.22895759999999 106.7998678,-6.2289999 106.7998523,-6.2290479 106.7998369,-6.2290919 106.7998115,-6.2291841 106.7998046,-6.22922430000001 106.7997996,-6.22925629999999 106.799792,-6.2292851 106.7997802,-6.2293138 106.7997642,-6.2293433 106.7997428,-6.2293753 106.7997164,-6.2294107 106.7996878,-6.22945389999999 106.7996496,-6.22949070000001 106.7996017,-6.22953249999999 106.7995437,-6.2295216 106.7994961,-6.2295127 106.7994582,-6.22950519999999 106.7994145,-6.22949440000001 106.7993715,-6.2294748 106.799334,-6.2294527 106.7993115,-6.22943269999999 106.7992876,-6.22940280000001 106.7992666,-6.2293741 106.7992403,-6.2293335 106.7992259,-6.22931169999999 106.7992073,-6.2292796 106.7991865,-6.2292469 106.7992284,-6.22913919999999 106.7992818,-6.22904010000001 106.799286992687,-6.22903489643833 106.7993773,-6.2289444 106.7994669,-6.22888599999999 106.7995328,-6.22886530000001 106.7996096,-6.22884020000001 106.7996609,-6.2288225 106.7997354,-6.228784 106.7998284,-6.22869939999999 106.7999188,-6.2286172 106.79990754128,-6.22863413148457 106.7998591,-6.22870439999999 106.7997854,-6.22881890000001 106.7997703,-6.2288697 106.7997564,-6.2289484 106.7997635,-6.2290191 106.7997686,-6.2290545 106.799776,-6.22908899999999 106.7998115,-6.2291841</coordinates></LineString><LineString><coordinates>106.8179511,-6.21486270000001 106.817999,-6.2147792 106.8180667,-6.2146922 106.8181384,-6.21461510000001 106.8184425,-6.21433699999999 106.8186709,-6.2141512 106.8187341,-6.21411929999999</coordinates></LineString><LineString><coordinates>106.822728560181,-6.19540787362778 106.822888299544,-6.19546475950802 106.822957440463,-6.19549083220107 106.823067112264,-6.19549794293532 106.823167247388,-6.19549557269058 106.823310297564,-6.19543868681367</coordinates></LineString><LineString><coordinates>106.822935982936,-6.19563186174575 106.822995587176,-6.19556905027252 106.823026581381,-6.19555008831687 106.823071880604,-6.19554534782785 106.823138637353,-6.19556312466146 106.823200007451,-6.19563938922557 106.8231912,-6.1956839 106.8231874,-6.1958105 106.8231924,-6.1960738 106.8231956,-6.1962421 106.8231966,-6.19629570000001 106.8231995,-6.1963558 106.8232095,-6.19656200000001 106.8232135,-6.1967116 106.8232211,-6.1969916 106.8232246,-6.1971232 106.8232302,-6.1973306 106.8232271,-6.1975175 106.8232299,-6.197581 106.8232486,-6.1982917 106.8232647,-6.1986236 106.8232703,-6.1987205 106.823274,-6.1988292 106.823277,-6.1989618 106.8232791,-6.19905389999999 106.8232808,-6.1991242 106.8232836,-6.1992495 106.8232846,-6.19929269999999 106.8232878,-6.1994317 106.8232851,-6.2000421 106.8232829,-6.20013269999999 106.8232753,-6.2005737 106.8232521,-6.2008881 106.8232105,-6.20115550000001 106.8230862,-6.201729 106.8229926,-6.2021213 106.8229607,-6.20225900000001 106.822875826853,-6.20265853889394 106.8228284,-6.2028818 106.8227936,-6.20303279999999 106.8227473,-6.2032121 106.8227189,-6.20335249999999 106.8225357,-6.2042982 106.82253,-6.20434050000001 106.8224842,-6.20465109999999 106.8224559,-6.20489709999999 106.8223725,-6.2055847 106.8223659,-6.2056584 106.8223396,-6.20594949999999 106.8222454,-6.20686890000001 106.8222191,-6.20711879999999 106.8222122,-6.207173 106.8221562,-6.2076349 106.8221417,-6.20773 106.8221247,-6.2078424 106.82212,-6.2078743 106.822099,-6.2079739 106.8220713,-6.20814540000001 106.8219952,-6.20848999999999 106.8219027,-6.208813 106.8218739,-6.208901 106.8218314,-6.20902650000001 106.8216385,-6.2095384 106.8215543,-6.20973690000001 106.8213017,-6.2102485 106.8211248,-6.21059670000001 106.8210939,-6.21065759999999 106.8210058,-6.2108223 106.820902,-6.2110252 106.8207484,-6.21132539999999 106.8205943,-6.21163359999999 106.8205629,-6.2116946 106.8203901,-6.212039 106.8203512,-6.21211009999999 106.8201818,-6.2124394 106.820137,-6.2125222 106.8199111,-6.21291319999999 106.8198579,-6.2130053 106.8197835,-6.21312319999999 106.8197363,-6.2131986 106.8195152,-6.21350260000001 106.8194474,-6.21359550000001 106.8192018,-6.2139024 106.8191337,-6.2139841 106.819102,-6.21402209999999 106.8190185,-6.21412070000001 106.8188926,-6.21425069999999 106.8187514,-6.2144005</coordinates></LineString><LineString><coordinates>106.8233327,-6.19541419999999 106.8232671,-6.1954901 106.8232531,-6.19551290000001 106.8232399,-6.1955393 106.823226,-6.1955666 106.8232151,-6.19559279999999 106.8232005,-6.1956369 106.823200007451,-6.19563938922557 106.823200625762,-6.19564015760015</coordinates></LineString></MultiGeometry>
  </Placemark>
  <Placemark>
	<Style><LineStyle><color>ff0000ff</color></LineStyle><PolyStyle><fill>0</fill></PolyStyle></Style>
	<ExtendedData><SchemaData schemaUrl="#Jalan_Ganjil_Genap">
		<SimpleData name="NAMOBJ">Jalan Kramat Raya</SimpleData>
		<SimpleData name="SRS_ID">EPSG 32748</SimpleData>
		<SimpleData name="FCODE">CA02010160</SimpleData>
		<SimpleData name="KOTA">Kota Administrasi Jakarta Pusat</SimpleData>
		<SimpleData name="PERIODE">2025</SimpleData>
		<SimpleData name="METADATA">PEMBATASANLALIN5000DKIJAKARTA</SimpleData>
	</SchemaData></ExtendedData>
      <LineString><coordinates>106.848455101349,-6.19268058456474 106.8484363,-6.1926454 106.8484157,-6.1926091 106.848311,-6.1924098 106.8482253,-6.1922477 106.8479029,-6.1916733 106.847763,-6.191439 106.84768,-6.19129730000001 106.847581,-6.19110139999999 106.8475178,-6.19098109999999 106.8474988,-6.190944 106.8473973,-6.19075910000001 106.8473359,-6.1906506 106.8470974,-6.19021079999999 106.8469593,-6.1899349 106.8468348,-6.1897021 106.8466671,-6.1894042 106.846506,-6.1891286 106.8464714,-6.18906870000001 106.8464557,-6.18904300000001 106.8462274,-6.1886479 106.8461218,-6.18846100000001 106.8459773,-6.1882107 106.8459499,-6.18816570000001 106.8459047,-6.1880867 106.845588,-6.18754850000001 106.8453828,-6.1872025 106.8452756,-6.18702539999999 106.845099,-6.1867335 106.8450647,-6.1866723 106.8448329,-6.1862371 106.8446965,-6.1859901 106.8446205,-6.18585189999999 106.844525,-6.18567160000001 106.8445151,-6.1856529 106.8442541,-6.1852112 106.8441841,-6.18508880000001 106.8440477,-6.18485879999999 106.8439318,-6.18467550000001 106.8438964,-6.1846194 106.8438387,-6.18452380000001 106.8437598,-6.18439789999999 106.8436083,-6.1841571 106.8435421,-6.1840592 106.8433695,-6.1837835 106.8432683,-6.18362179999999 106.8432005,-6.18351339999999 106.8431489,-6.18340349999999 106.8430536,-6.1832008 106.8430317,-6.1831443 106.8430052,-6.18307579999999 106.8429744,-6.1829882 106.84296,-6.1829475 106.842908,-6.1827427 106.8428933,-6.1826847 106.8428872,-6.1826608 106.8428318,-6.18239230000001 106.8428231,-6.1823479 106.8428011,-6.18223520000001 106.8426717,-6.1815246 106.8425369,-6.1811556 106.8423776,-6.18053420000001 106.8423125,-6.1802723 106.8421785,-6.179733 106.8420755,-6.17923340000001 106.842014,-6.17896679999999 106.8419787,-6.1788135 106.8419713,-6.1787813 106.841957,-6.1787192 106.8419433,-6.17866399999999 106.8419302,-6.17862680000001 106.8419087,-6.17857930000001 106.8419955,-6.17857019999999 106.8420424,-6.1785759 106.8420626,-6.1785831 106.8420854,-6.1785936 106.8421251,-6.1786322 106.8421472,-6.1786514 106.8421722,-6.1786751 106.8422501,-6.1787551 106.842281,-6.178791 106.8423384,-6.178906 106.8423547,-6.178975 106.8423802,-6.1790824 106.8424372,-6.1793591 106.8425114,-6.1796993 106.8426653,-6.1804599 106.8427131,-6.1806912 106.8427487,-6.1808589 106.8427899,-6.18104049999999 106.8428612,-6.18132440000001 106.842956,-6.1817551 106.8429826,-6.1818828 106.8430311,-6.18217 106.8430466,-6.18224 106.8431153,-6.1825536 106.8431119,-6.1826184 106.8431246,-6.18266389999999 106.8432171,-6.18291970000001 106.8432342,-6.18296509999999 106.8432776,-6.1830782 106.8433425,-6.18324850000001 106.8433842,-6.183317 106.8434243,-6.1833828 106.8434924,-6.1834975 106.8435577,-6.18360209999999 106.8437802,-6.1839575 106.8438306,-6.18404230000001 106.8439104,-6.1842196 106.8439855,-6.184347 106.8440194,-6.1844059 106.8440546,-6.1844604 106.8441323,-6.1845922 106.8441494,-6.1846167 106.844279,-6.1848212 106.844382,-6.18497130000001 106.8446107,-6.18534809999999 106.8447199,-6.18553010000001 106.8449362,-6.1858874 106.8450404,-6.1860696 106.8450704,-6.1861301 106.8451353,-6.18623780000001 106.8453282,-6.1865896 106.8453498,-6.1866293 106.8454656,-6.1868448 106.8456031,-6.18711090000001 106.8460369,-6.1878709 106.8461395,-6.1880506 106.8463184,-6.1883526 106.8464721,-6.18861680000001 106.8466172,-6.1888659 106.8467062,-6.18902190000001 106.8467278,-6.18906009999999 106.8469212,-6.18938299999999 106.8469587,-6.1894453 106.8471638,-6.1898264 106.8473041,-6.1900772 106.8475926,-6.1906185 106.8477278,-6.19086939999999 106.8479207,-6.1912175 106.8479605,-6.19128909999999 106.8479754,-6.19132 106.8479983,-6.1913662 106.8481691,-6.19169859999999 106.8483706,-6.19208270000001 106.8483934,-6.19212540000001 106.8486255,-6.1925594</coordinates></LineString>
  </Placemark>
  <Placemark>
	<Style><LineStyle><color>ff0000ff</color></LineStyle><PolyStyle><fill>0</fill></PolyStyle></Style>
	<ExtendedData><SchemaData schemaUrl="#Jalan_Ganjil_Genap">
		<SimpleData name="NAMOBJ">Jalan Letjen S. Parman</SimpleData>
		<SimpleData name="SRS_ID">EPSG 32748</SimpleData>
		<SimpleData name="FCODE">CA02010160</SimpleData>
		<SimpleData name="KOTA">Kota Administrasi Jakarta Barat</SimpleData>
		<SimpleData name="PERIODE">2025</SimpleData>
		<SimpleData name="METADATA">PEMBATASANLALIN5000DKIJAKARTA</SimpleData>
	</SchemaData></ExtendedData>
      <MultiGeometry><LineString><coordinates>106.79945757877,-6.20166189022386 106.799097570172,-6.20102681602927 106.79871320009,-6.20030562915207 106.798502067228,-6.19990736134942 106.798307175355,-6.19940414416874 106.798166420114,-6.19897627463747 106.797957994083,-6.19832774217052 106.797708965579,-6.19749622012329 106.797633174295,-6.19718137162743 106.79743286876,-6.19635253879143 106.797340836486,-6.19586277332192 106.797136470703,-6.19493706152281 106.797093161398,-6.19422124837905 106.797039024767,-6.19335473643275 106.796984888135,-6.19192848696491 106.796929398088,-6.19063274943928 106.79694157883,-6.19008781214723 106.796914510515,-6.18936122821674 106.796882028536,-6.18909750491332 106.796844132894,-6.18820945608695 106.796789996263,-6.18655445201927 106.7967845826,-6.18595703464383 106.796725032305,-6.18490213384578 106.796676309337,-6.18362118004715 106.796584277064,-6.18263086069797 106.796551795085,-6.18191772197472 106.796413746675,-6.18121265557488 106.796304119997,-6.18084532099043 106.796266224355,-6.18062734210546 106.79620667406,-6.18042281862554 106.796155244261,-6.18021829506658 106.796076746145,-6.18000569812542 106.796000954861,-6.17977157228128 106.795982007041,-6.17967469259133</coordinates></LineString><LineString><coordinates>106.796006368525,-6.17965316376894 106.796124746445,-6.17990630834531 106.796133589608,-6.17988998076712 106.796209380892,-6.17982270322161 106.796333895144,-6.17979848330312 106.796471943554,-6.17983615873139 106.796561268995,-6.17987383415698</coordinates></LineString><LineString><coordinates>106.796076746145,-6.17999493372106 106.796124746445,-6.17990630834531 106.796149830598,-6.1799599494054 106.796290585839,-6.1802855725618 106.796401565933,-6.18062734210545 106.796461116228,-6.18095296485112 106.796409686428,-6.18118439907743</coordinates></LineString><LineString><coordinates>106.796384439541,-6.17944718727644 106.796618481933,-6.18000644146425 106.796852524326,-6.18063100931109 106.796864842347,-6.18103922319167 106.796994181564,-6.18156581863236 106.797043453646,-6.18195566220619 106.797123520781,-6.18345176079357 106.797217958939,-6.18608472074292 106.797226170953,-6.18721137866854 106.797316503104,-6.18930956854866 106.797369881194,-6.19101587246347 106.797431471297,-6.19292219113123 106.797521803449,-6.19403658836408 106.797780481883,-6.19580410735574 106.798113068441,-6.19733486382409 106.798412806943,-6.19833087364808 106.799229902314,-6.20022900191737 106.799717202452,-6.20120519918579</coordinates></LineString></MultiGeometry>
  </Placemark>
  <Placemark>
	<Style><LineStyle><color>ff0000ff</color></LineStyle><PolyStyle><fill>0</fill></PolyStyle></Style>
	<ExtendedData><SchemaData schemaUrl="#Jalan_Ganjil_Genap">
		<SimpleData name="NAMOBJ">Jalan Majapahit</SimpleData>
		<SimpleData name="SRS_ID">EPSG 32748</SimpleData>
		<SimpleData name="FCODE">CA02010160</SimpleData>
		<SimpleData name="KOTA">Kota Administrasi Jakarta Pusat</SimpleData>
		<SimpleData name="PERIODE">2025</SimpleData>
		<SimpleData name="METADATA">PEMBATASANLALIN5000DKIJAKARTA</SimpleData>
	</SchemaData></ExtendedData>
      <MultiGeometry><LineString><coordinates>106.82105718303,-6.16766726265586 106.8211047,-6.1678152 106.8211175,-6.16785789999999 106.8211525,-6.168007 106.8215119,-6.1696894 106.8215658,-6.16989389999999 106.8216135,-6.1700817 106.8216369,-6.1701746 106.8216733,-6.17022939999999 106.8217151,-6.170296 106.8217341,-6.1703265 106.8218012,-6.17042240000001 106.8219391,-6.170602 106.8220278,-6.1707039 106.8220649,-6.1707377 106.8221333,-6.1707958 106.8222201,-6.17087680000001 106.8223244,-6.1709415 106.8224961,-6.17101280000001 106.8227498,-6.1711026 106.8228977,-6.17115890000001 106.8229387,-6.1711935 106.822983,-6.1712331 106.8230124,-6.1712622 106.8230531,-6.17131129999999 106.8229613,-6.17130089999999 106.8228908,-6.17129489999999 106.8227238,-6.1712798 106.8226428,-6.17126859999999 106.8224373,-6.1712456 106.8223737,-6.1712344 106.8223079,-6.1712242 106.8221565,-6.17119830000001 106.821946,-6.17116029999999 106.8217307,-6.1711037 106.8216715,-6.17107310000001 106.821618,-6.17103769999999 106.821576119028,-6.170996492115 106.821562,-6.1709826 106.8215221,-6.170933 106.8214585,-6.1708138 106.8214236,-6.1706804 106.8213848,-6.1705868 106.8213401,-6.17046250000001 106.8212235,-6.16995409999999 106.8211835,-6.169757 106.8211389,-6.1695382 106.8211014,-6.16927809999999 106.8210425,-6.1689546 106.8209661,-6.16863819999999 106.8208087,-6.1679866 106.8207843,-6.1679088 106.8207757,-6.1678814 106.8207598,-6.167831 106.820748,-6.1678001 106.8207311,-6.1677558 106.8206923,-6.16766079999999</coordinates></LineString><LineString><coordinates>106.821576610846,-6.17099982598749 106.821576119028,-6.170996492115 106.821557122614,-6.17086772160312 106.821537634382,-6.17071448047599 106.821530104838,-6.17059866890509 106.821503529976,-6.17042781376572 106.821477398029,-6.17013322062541 106.821445508195,-6.16994122859533 106.821397673444,-6.16966116670193 106.821351610351,-6.16943394656648 106.82129668897,-6.16913274763215 106.821215192728,-6.16879103635323 106.821162043005,-6.16856205444512 106.821100034994,-6.16827846902184 106.821041570299,-6.16800897465913 106.821004365492,-6.16784164148917 106.8209645032,-6.16768223457815 106.820934385023,-6.16758095391917 106.820894509649,-6.16737115901911</coordinates></LineString></MultiGeometry>
  </Placemark>
  <Placemark>
	<Style><LineStyle><color>ff0000ff</color></LineStyle><PolyStyle><fill>0</fill></PolyStyle></Style>
	<ExtendedData><SchemaData schemaUrl="#Jalan_Ganjil_Genap">
		<SimpleData name="NAMOBJ">Jalan Panglima Polim</SimpleData>
		<SimpleData name="SRS_ID">EPSG 32748</SimpleData>
		<SimpleData name="FCODE">CA02010160</SimpleData>
		<SimpleData name="KOTA">Kota Administrasi Jakarta Selatan</SimpleData>
		<SimpleData name="PERIODE">2025</SimpleData>
		<SimpleData name="METADATA">PEMBATASANLALIN5000DKIJAKARTA</SimpleData>
	</SchemaData></ExtendedData>
      <MultiGeometry><LineString><coordinates>106.796994046772,-6.25670147063033 106.797105190205,-6.25558606598824 106.7971934,-6.25471599999999 106.7972273,-6.2543968 106.7972423,-6.2541806 106.797318244709,-6.25309881095821 106.797336709433,-6.25275853985449 106.7973637,-6.2523176 106.7973679,-6.2522381 106.797406307237,-6.25143981074669 106.7974451,-6.25054850000001 106.7974637,-6.25018919999999 106.7974681,-6.2501052 106.7974734,-6.2500324 106.7974927,-6.2496892 106.7974996,-6.24962480000001 106.797573,-6.24899879999999 106.7976092,-6.24865510000001 106.7976357,-6.24845400000001 106.7976799,-6.2481339 106.7979135,-6.246476 106.7979246,-6.2464012 106.7979747,-6.24606490000001 106.7979777,-6.24604499999999 106.7980018,-6.2458807 106.798025,-6.24574740000001 106.7980341,-6.24569469999999 106.7980715,-6.24543069999999 106.7980899,-6.24485469999999 106.7980957,-6.24467319999999 106.7980919,-6.24402499999999 106.7980843,-6.2433965 106.7981038,-6.24319519999999 106.7981212,-6.2430894 106.798152,-6.24300140000001 106.7981614,-6.24296719999999 106.7982733,-6.24270060000001 106.7983088,-6.2425791 106.7983311,-6.24245799999999 106.7983508,-6.2423417 106.798347,-6.24220170000001 106.798345,-6.24138029999999 106.7983482,-6.24113300000001 106.7983481,-6.2410564 106.7983485,-6.2408686 106.7983502,-6.2408021 106.7983467,-6.24024999999999 106.7983554,-6.24004510000001 106.7983535,-6.2399628 106.7983514,-6.23981120000001</coordinates></LineString><LineString><coordinates>106.7985398,-6.23993470000001 106.798541,-6.23995989999999 106.7985439,-6.2400448 106.7985459,-6.240236 106.7985485,-6.24033680000001 106.7985511,-6.24043759999999 106.7985518,-6.2406061 106.7985527,-6.2408004 106.7985528,-6.2408301 106.7985535,-6.2413949 106.7985541,-6.2418226 106.7985551,-6.2420119 106.7985549,-6.2421495 106.7985575,-6.24220650000001 106.798557,-6.24226849999999 106.7985495,-6.24232620000001 106.7984864,-6.2425587 106.7984654,-6.242626 106.7984035,-6.2427703 106.7982608,-6.2431211 106.7982145,-6.243247 106.7982038,-6.2433676 106.7982088,-6.24375139999999 106.7982084,-6.2438247 106.7982138,-6.24442259999999 106.7982132,-6.2444622 106.7982143,-6.24485649999999 106.7982091,-6.2450799 106.7982086,-6.24509820000001 106.7982052,-6.24524420000001 106.7981828,-6.2454984 106.7981506,-6.24575230000001 106.7981339,-6.2458844 106.7981038,-6.24607280000001 106.798034,-6.2465089 106.7978716,-6.24756730000001 106.7977792,-6.2482447 106.797715,-6.2486685 106.7975904,-6.2496349 106.7975851,-6.24969849999999 106.7975673,-6.2500263 106.7975119,-6.2512793 106.7975084,-6.2513585 106.7975049,-6.2514377 106.797453,-6.2523268 106.797417670144,-6.25310728243516 106.7973772,-6.25374239999999 106.797315403982,-6.25455590297269 106.797193252733,-6.25595033763944 106.797108563568,-6.2566725266159</coordinates></LineString></MultiGeometry>
  </Placemark>
  <Placemark>
	<Style><LineStyle><color>ff0000ff</color></LineStyle><PolyStyle><fill>0</fill></PolyStyle></Style>
	<ExtendedData><SchemaData schemaUrl="#Jalan_Ganjil_Genap">
		<SimpleData name="NAMOBJ">Jalan Pintu Besar Selatan</SimpleData>
		<SimpleData name="SRS_ID">EPSG 32748</SimpleData>
		<SimpleData name="FCODE">CA02010160</SimpleData>
		<SimpleData name="KOTA">Kota Administrasi Jakarta Barat</SimpleData>
		<SimpleData name="PERIODE">2025</SimpleData>
		<SimpleData name="METADATA">PEMBATASANLALIN5000DKIJAKARTA</SimpleData>
	</SchemaData></ExtendedData>
      <MultiGeometry><LineString><coordinates>106.8148385,-6.1426965 106.8147656,-6.142401 106.8147206,-6.1422284 106.8145573,-6.14156930000001 106.8144754,-6.1412368 106.8143894,-6.1408918 106.8143337,-6.14067780000001 106.8139677,-6.1394083 106.8139497,-6.1393488 106.8138527,-6.13902739999999 106.8137586,-6.1387165 106.8137319,-6.1386396</coordinates></LineString><LineString><coordinates>106.8138629,-6.13860310000001 106.813884,-6.1386821 106.8139471,-6.1388982 106.8140653,-6.1393114 106.8143007,-6.140124 106.8145091,-6.14090540000001 106.8148582,-6.14224940000001 106.8149707,-6.1426636 106.8149851,-6.14271249999999</coordinates></LineString></MultiGeometry>
  </Placemark>
  <Placemark>
	<Style><LineStyle><color>ff0000ff</color></LineStyle><PolyStyle><fill>0</fill></PolyStyle></Style>
	<ExtendedData><SchemaData schemaUrl="#Jalan_Ganjil_Genap">
		<SimpleData name="NAMOBJ">Jalan R.S. Fatmawati</SimpleData>
		<SimpleData name="SRS_ID">EPSG 32748</SimpleData>
		<SimpleData name="FCODE">CA02010160</SimpleData>
		<SimpleData name="KOTA">Kota Administrasi Jakarta Selatan</SimpleData>
		<SimpleData name="PERIODE">2025</SimpleData>
		<SimpleData name="METADATA">PEMBATASANLALIN5000DKIJAKARTA</SimpleData>
	</SchemaData></ExtendedData>
      <MultiGeometry><LineString><coordinates>106.795182787947,-6.29242126158588 106.795206161814,-6.29143551549761 106.795176109699,-6.29077835039997 106.795236213929,-6.29011786544947 106.795336387647,-6.28974613485699 106.795349744143,-6.28953703628188 106.795346405019,-6.28881016915224 106.7953297094,-6.28827580499781 106.795353083267,-6.28779786392237 106.795570126322,-6.28676232341865 106.795676978288,-6.28613502384142 106.795790508502,-6.2852919851228 106.795887343096,-6.28441575445549 106.795954125574,-6.2834001216082 106.796034264549,-6.28211232286008 106.79609436878,-6.28185011602347 106.796191203373,-6.2814352315185 106.796495063651,-6.28046606002641 106.796975897497,-6.27939731402897 106.797490122582,-6.27757181113399 106.797677113522,-6.27669224836408 106.797673774398,-6.27622757309362 106.797657078779,-6.27535132717022 106.797640383159,-6.27452486659659 106.79760699192,-6.27361542653898 106.797585287614,-6.27314079113413 106.797558574623,-6.27250683687726 106.797540209441,-6.27213675327664 106.79749680083,-6.27150611693936 106.797460070467,-6.2709717350249 106.797431687913,-6.2705667992964 106.797406644484,-6.27018177814815 106.797376592369,-6.26976024604779 106.797338192443,-6.26943330949911 106.797286436023,-6.2687578612596 106.797253044783,-6.26832803010629 106.797238018726,-6.26772228289899 106.797235514383,-6.26750653714843 106.797252210002,-6.26690908691203 106.79728393168,-6.26650746720193 106.797305635985,-6.26595814387471 106.797317322919,-6.26556150220038 106.797313983795,-6.26515656227205 106.797315653357,-6.26491426200078 106.797297288175,-6.26451098116283 106.797235514383,-6.26425540384498 106.797121984169,-6.26386539925509 106.797008453955,-6.26349530952377 106.796878228122,-6.26307045282711 106.796794750024,-6.26278998083398 106.79669791543,-6.26246801871529 106.796565185254,-6.26190209512857 106.796557672225,-6.26160502649004 106.796559341787,-6.26136936298061 106.796601080836,-6.26090633366291 106.796631132951,-6.26048479407042 106.796687898058,-6.25990891069142 106.796722958859,-6.25950894520444 106.796764697908,-6.2590990217527 106.796809776082,-6.25857458480292 106.796854854255,-6.25806674345744 106.796904941114,-6.25759375352503 106.796940001915,-6.25720540357625 106.796994203647,-6.25670078200525</coordinates></LineString><LineString><coordinates>106.797108468316,-6.25667274145391 106.797106583502,-6.25669110261573 106.797079410339,-6.25704608043683 106.796989253993,-6.25792567632942 106.796905775895,-6.25883846295421 106.796828976044,-6.25964503308086 106.79676553269,-6.26037194089344 106.796692071963,-6.26114863579434 106.796672037219,-6.26161332449901 106.796692071963,-6.26192864874166 106.796832315168,-6.26244644392705 106.797009288736,-6.26305717604976 106.797299792518,-6.26394671938511 106.797389948864,-6.26431514920321 106.797433357476,-6.26478979263958 106.797440035723,-6.26555320425416 106.79742000098,-6.26634316814049 106.797383270617,-6.26702027909119 106.797359896749,-6.26770402749277 106.797359896749,-6.26815875287534 106.79738660974,-6.26851058392122 106.797436696599,-6.26911467063516 106.797503479078,-6.27003075684428 106.797576939805,-6.27106964976451 106.797627026663,-6.27186956271109 106.797707165638,-6.27299474938415 106.797757252497,-6.27411329538026 106.79777728724,-6.27485345951177 106.797790643736,-6.27551396383556 106.79779398286,-6.27630723174086 106.79779398286,-6.27667233371814 106.797743896001,-6.27702083991228 106.797453392219,-6.27812278177288 106.7971996188,-6.27907204307259 106.797005949612,-6.27960973576836 106.796758854442,-6.28019057601956 106.796495063651,-6.28081456368168 106.796361498694,-6.28125600131006 106.796151133886,-6.2820492604684 106.796087690532,-6.28297196206877 106.796030925425,-6.2839145764028 106.795950786451,-6.28499990839768 106.795827238865,-6.2858960523749 106.795750439015,-6.28633748569242 106.795600178438,-6.28714401326733 106.795463274357,-6.28779122584879 106.795429883117,-6.28827248596407 106.795459935233,-6.28926819513319 106.795436561365,-6.28981915338721 106.795333048524,-6.29020747903468 106.795286300789,-6.29056925224011 106.795276283417,-6.29174750267729 106.795272944293,-6.29243453761473</coordinates></LineString></MultiGeometry>
  </Placemark>
  <Placemark>
	<Style><LineStyle><color>ff0000ff</color></LineStyle><PolyStyle><fill>0</fill></PolyStyle></Style>
	<ExtendedData><SchemaData schemaUrl="#Jalan_Ganjil_Genap">
		<SimpleData name="NAMOBJ">Jalan Sisingamangaraja</SimpleData>
		<SimpleData name="SRS_ID">EPSG 32748</SimpleData>
		<SimpleData name="FCODE">CA02010160</SimpleData>
		<SimpleData name="KOTA">Kota Administrasi Jakarta Selatan</SimpleData>
		<SimpleData name="PERIODE">2025</SimpleData>
		<SimpleData name="METADATA">PEMBATASANLALIN5000DKIJAKARTA</SimpleData>
	</SchemaData></ExtendedData>
      <MultiGeometry><LineString><coordinates>106.7983762,-6.2378025 106.7983335,-6.2378714 106.7983266,-6.2379124 106.7983215,-6.23796389999999 106.7983181,-6.23881500000001 106.7983154,-6.23907629999999 106.7983222,-6.23968690000001 106.7983261,-6.2397424 106.7983514,-6.23981120000001 106.7983726,-6.23974249999999 106.7983692,-6.2395983 106.798365,-6.23908559999999 106.7983684,-6.23881480000001 106.7983762,-6.2378025 106.7983713,-6.237477 106.7983647,-6.2368449 106.7983634,-6.23678750000001 106.7983645,-6.23671309999999 106.7983662,-6.23666139999999 106.798366,-6.2365792 106.7983677,-6.23641179999999 106.7983639,-6.23562209999999 106.798362,-6.23529030000001 106.7983516,-6.2349529 106.7983472,-6.2347913 106.7983389,-6.2330065 106.7983421,-6.23231829999999 106.7983585,-6.2319529 106.7983953,-6.2315989 106.7984267,-6.2313901 106.7984603,-6.2312147 106.7985457,-6.23090209999999 106.7986164,-6.2306811 106.7986963,-6.23046010000001 106.7987725,-6.2302637 106.7990662,-6.2296499 106.7991004,-6.22957260000001 106.7991432,-6.2294494 106.799165,-6.2293328 106.7991865,-6.2292469</coordinates></LineString><LineString><coordinates>106.798541,-6.2377015 106.7985652,-6.2378152 106.7985711,-6.23789510000001 106.7985727,-6.2382694 106.798574,-6.2383883 106.7985754,-6.23859400000001 106.7985756,-6.2388669 106.7985795,-6.2390636 106.798577036133,-6.23917872246763 106.7985759,-6.2395825 106.7985771,-6.2397438 106.7985767,-6.23980959999999 106.7985622,-6.2398824 106.7985398,-6.23993470000001</coordinates></LineString><LineString><coordinates>106.7996017,-6.22953249999999 106.7995343,-6.2295829 106.7995164,-6.22959549999999 106.7993795,-6.2297005 106.7993028,-6.22977820000001 106.799227,-6.2298833 106.7991918,-6.22994289999999 106.7990113,-6.2303298 106.7988403,-6.2307592 106.798803,-6.2308726 106.7987612,-6.2310058 106.7987149,-6.2311746 106.7986885,-6.231283 106.7986674,-6.2313953 106.798649,-6.2315176 106.7986208,-6.2317082 106.7985992,-6.23188709999999 106.7985816,-6.2321193 106.7985752,-6.2322801 106.7985728,-6.23257519999999 106.7985745,-6.2330247 106.7985775,-6.2337306 106.7985711,-6.2339706 106.7985736,-6.23480870000001 106.7985708,-6.23494149999999 106.7985698,-6.23507709999999 106.7985447,-6.2364824 106.7985422,-6.2365817 106.7985389,-6.2367118 106.7985356,-6.2367838 106.7985376,-6.2370224 106.798537,-6.2372641 106.7985368,-6.2375797 106.7985392,-6.23765909999999 106.798541,-6.2377015 106.7985238,-6.23780390000001 106.7985202,-6.2378995 106.7985197,-6.2380126 106.7985196,-6.2382448 106.7985183,-6.2383394 106.7985168,-6.23846519999999 106.7985144,-6.23885149999999 106.7985111,-6.2392943 106.7985107,-6.23939489999999 106.7985104,-6.2394521 106.798513931966,-6.23969021619762 106.798513931966,-6.23984221659664 106.798539719727,-6.23993480411966</coordinates></LineString></MultiGeometry>
  </Placemark>
  <Placemark>
	<Style><LineStyle><color>ff0000ff</color></LineStyle><PolyStyle><fill>0</fill></PolyStyle></Style>
	<ExtendedData><SchemaData schemaUrl="#Jalan_Ganjil_Genap">
		<SimpleData name="NAMOBJ">Jalan Stasiun Senen</SimpleData>
		<SimpleData name="SRS_ID">EPSG 32748</SimpleData>
		<SimpleData name="FCODE">CA02010160</SimpleData>
		<SimpleData name="KOTA">Kota Administrasi Jakarta Pusat</SimpleData>
		<SimpleData name="PERIODE">2025</SimpleData>
		<SimpleData name="METADATA">PEMBATASANLALIN5000DKIJAKARTA</SimpleData>
	</SchemaData></ExtendedData>
      <MultiGeometry><LineString><coordinates>106.8410112,-6.17396479999999 106.8409838,-6.1738575 106.8407654,-6.1729897 106.8407507,-6.17293489999999 106.8405949,-6.1723288 106.840522616373,-6.17205308959383</coordinates></LineString><LineString><coordinates>106.840653822018,-6.17191476522272 106.8406871,-6.1720437 106.8407998,-6.17248 106.8408142,-6.1725357 106.840827,-6.1725867 106.8408332,-6.17261150000001 106.8408922,-6.17284649999999 106.8410148,-6.17333540000001 106.8411056,-6.17367789999999 106.8411458,-6.1738435 106.8412273,-6.1741798 106.8414054,-6.17481179999999 106.8414223,-6.1748826 106.8414616,-6.1750418 106.8414783,-6.1751094 106.8415169,-6.17526880000001 106.841556,-6.1754306 106.8415779,-6.17552139999999 106.8415808,-6.17554340000001 106.8415781,-6.17564230000001 106.8415762,-6.1757086 106.8415952,-6.175817 106.8421762,-6.1786489 106.8425594,-6.1804972 106.8428042,-6.1815197 106.8428886,-6.1818682 106.8428988,-6.1819105 106.8429658,-6.1822847 106.843073,-6.18256220000001 106.8431119,-6.1826184</coordinates></LineString><LineString><coordinates>106.8426717,-6.1815246 106.8426641,-6.18145419999999 106.8426616,-6.1814313 106.8426128,-6.18118210000001 106.8421092,-6.17875099999999 106.8415008,-6.1757491 106.8414606,-6.17559169999999 106.8414504,-6.1755497 106.8413702,-6.175193 106.8412933,-6.1748854 106.841148198538,-6.17457502832344 106.84101285696,-6.17396145063151</coordinates></LineString></MultiGeometry>
  </Placemark>
  <Placemark>
	<Style><LineStyle><color>ff0000ff</color></LineStyle><PolyStyle><fill>0</fill></PolyStyle></Style>
	<ExtendedData><SchemaData schemaUrl="#Jalan_Ganjil_Genap">
		<SimpleData name="NAMOBJ">Jalan D.I. Panjaitan</SimpleData>
		<SimpleData name="SRS_ID">EPSG 32748</SimpleData>
		<SimpleData name="FCODE">CA02010160</SimpleData>
		<SimpleData name="KOTA">Kota Adminstrasi Jakarta Pusat dan Kota Administrasi Jakarta Timur</SimpleData>
		<SimpleData name="PERIODE">2025</SimpleData>
		<SimpleData name="METADATA">PEMBATASANLALIN5000DKIJAKARTA</SimpleData>
	</SchemaData></ExtendedData>
      <MultiGeometry><LineString><coordinates>106.874657941237,-6.24741863670544 106.875315331256,-6.24590918573852 106.875492304823,-6.24550423058802 106.875722704373,-6.24497646070042 106.876016547276,-6.24418646452864 106.876248616388,-6.24372673931707 106.876335433609,-6.24356243309664 106.876477346375,-6.24326203472195 106.876777867527,-6.24256165773171 106.877115119041,-6.24173846462179 106.877328822971,-6.24116090094184 106.877449031432,-6.24082896750432 106.877626004999,-6.24026136083893 106.8778497263,-6.23949459296374 106.87792652615,-6.23915601977867 106.877923187026,-6.23863156284449 106.87790064794,-6.23829962780483 106.877809656813,-6.23789466677179 106.877731187402,-6.23758928611373 106.877553379054,-6.23698682266337 106.87746489227,-6.23670799636935 106.877366388115,-6.2363694213844 106.877348022933,-6.23609059476203 106.87731964038,-6.23586819723075 106.877279570893,-6.23575035969461 106.877221136225,-6.23547651179706 106.877134319003,-6.23517444910178 106.877009101857,-6.23469811911342 106.876913936826,-6.23430975218253 106.876807084861,-6.23386661520499 106.876736963259,-6.23354463529361 106.876657659066,-6.23322680441404 106.876477346375,-6.23256790636365 106.876375503096,-6.23224758535004 106.876270320693,-6.23176627361473 106.876170146976,-6.23133475237324 106.876083329754,-6.23095966054427 106.875913034435,-6.23019951787401 106.875776130355,-6.22966509376548 106.875672617514,-6.22920037670709 106.875565765549,-6.22876221453232 106.8753704268,-6.2280020686798 106.875210148853,-6.22723694259456 106.875133349003,-6.22682533417425 106.875033175286,-6.22636725345619 106.874909627701,-6.22571996480384 106.87480611486,-6.22512246687822 106.874679228152,-6.22434903799856 106.874602428302,-6.22374158018312 106.874554011006,-6.22341461489332 106.874485558965,-6.22296814927054 106.874438811231,-6.2226096487189 106.874378707,-6.22184285505133 106.874358672257,-6.22127190839041 106.874325281018,-6.22060967587599 106.874306915837,-6.2202378958531 106.874290220217,-6.21950097395923 106.874246811606,-6.2191125957887 106.874166672632,-6.21869102257805 106.874126603146,-6.218003890715 106.874086533659,-6.2172702851746 106.87405314242,-6.21656655401132</coordinates></LineString><LineString><coordinates>106.87523352272,-6.22734980291151 106.875160061994,-6.22717553329426 106.875066566525,-6.22679379964486 106.87495136675,-6.22640874629132 106.874854532157,-6.22606850494655 106.874722636763,-6.22546270883585 106.874684236838,-6.22518221670136 106.874619123922,-6.2246477874862 106.874575715311,-6.22439551015224 106.874495576337,-6.22371502463416 106.87446385466,-6.22340299683359 106.874432132983,-6.22311088553319 106.87445550685,-6.22297146871893 106.874470532908,-6.22287686443105</coordinates></LineString><LineString><coordinates>106.874491879803,-6.21657290734932 106.8744997,-6.21675010000001 106.87452395889,-6.21745949575127 106.87454065451,-6.21796737643628 106.874527298014,-6.21846529820033 106.874500329312,-6.2189054450808 106.87449865975,-6.21906477981235 106.87449865975,-6.21921747555143 106.874513685807,-6.21951415328727 106.874525372741,-6.21974817588666 106.874542068361,-6.22003696958912 106.874568781352,-6.2203738953748 106.874588816095,-6.22062451490785 106.874598833467,-6.22087015512891 106.874610520401,-6.22118882335276 106.874630555144,-6.22150915111221 106.874648920326,-6.22186765241458 106.874670624631,-6.22227760499307 106.874700676746,-6.22264440439745 106.87472071149,-6.22285021028598 106.874762450538,-6.22320373150312 106.874787493968,-6.22350082191951 106.874827563455,-6.22380953021889 106.874865963379,-6.22411159945453 106.87490937199,-6.22446346010344 106.874947771915,-6.2247489317775 106.874992850088,-6.22502776442565 106.875044606508,-6.22536302729472 106.875096362929,-6.22565679705854 106.875133093292,-6.22584766433114 106.875174832341,-6.22605844810813 106.875236606133,-6.22635553691 106.875298379925,-6.22663436870523 106.87533677985,-6.22684183274253 106.875380188461,-6.22705427583178 106.875446970939,-6.22734472522879 106.875502066483,-6.22758538317889 106.875633961878,-6.22815134385439 106.875699074794,-6.22841191791923 106.875787561577,-6.2287770533339 106.875867700551,-6.22911895262831 106.875954517773,-6.22944093525535 106.876001265507,-6.22961188471418 106.876079734919,-6.22993386703886 106.876171560826,-6.23031061930201 106.876236673743,-6.23058778929649 106.876350203955,-6.23102594994723 106.876503803655,-6.23161016357913 106.876583942629,-6.23195538041952 106.876607316496,-6.23205496215819 106.876637368611,-6.23217114082942 106.876717507585,-6.23247320525423 106.876852742103,-6.23300596681035 106.877014689613,-6.2336698433817 106.877154932817,-6.23433703848936 106.877318549888,-6.23497767776915 106.877408706233,-6.23535276672515 106.877512219075,-6.23577432655906 106.877639105783,-6.23630542507996 106.877729262128,-6.23665395819193 106.877839453217,-6.23703568466777 106.877964670364,-6.23751367221083 106.878044809337,-6.23787714161331 106.878131626559,-6.23838168319721 106.878195069913,-6.23881651798839 106.878231800276,-6.23938080687421 106.878225122028,-6.23984883425383 106.878134965683,-6.24039984467565 106.87809823532,-6.24083467779222 106.878051487585,-6.241203123891 106.878028113718,-6.24150850244317 106.877877853142,-6.24195993128117 106.877677505708,-6.24237152782382 106.877487175645,-6.24272337622484 106.877203350113,-6.24305530846197 106.876603977372,-6.2437739410346 106.87658313739,-6.24380975390677 106.876290099725,-6.24431332973109 106.875976222078,-6.24503527988611 106.875735805157,-6.24563275512366 106.8755671794,-6.24603771017475 106.875425266634,-6.24641113156311 106.875286692991,-6.24673808251552 106.874982832716,-6.24752973448332</coordinates></LineString><LineString><coordinates>106.874747680192,-6.24745763840446 106.874986427551,-6.24690995470535 106.875046531782,-6.24677884246206 106.875240200968,-6.24631911952677 106.875325348628,-6.24609672633736 106.875440548403,-6.24583948036609 106.875585800292,-6.24548597440582 106.875956443046,-6.24460303828877 106.876170146976,-6.24401883913724 106.87625028595,-6.24372673931708</coordinates></LineString><LineString><coordinates>106.875710761727,-6.24568752365298 106.875620605382,-6.24576386765399 106.875426936195,-6.24615886469883 106.875189858398,-6.24671650707826 106.875019563079,-6.2470882683345 106.874855946008,-6.24749986084591</coordinates></LineString><LineString><coordinates>106.876585612191,-6.24380879385946 106.87658313739,-6.24380975390677 106.876517160151,-6.24383534839114 106.876442029863,-6.24383700804932 106.876386934318,-6.24378389898478 106.876350203955,-6.24370755469509 106.876325160526,-6.24364282800597 106.87631180403,-6.24360797517006</coordinates></LineString><LineString><coordinates>106.877457379241,-6.24080241282023 106.877577587702,-6.24076258079158 106.877739535211,-6.24072772776403 106.877878108853,-6.24075760178779 106.877953239141,-6.24080075315244 106.878015012934,-6.24090697188104 106.878064844081,-6.24107366988583</coordinates></LineString><LineString><coordinates>106.878222873397,-6.2396572407886 106.878151082233,-6.23973358566857 106.878092647564,-6.23977341777545 106.87803755202,-6.23978669514374 106.877917343559,-6.23973192599739 106.877863917577,-6.23966221980285 106.877865587139,-6.23956263950886 106.877917343559,-6.23936513853646 106.877954073922,-6.23914772141355 106.877954073922,-6.23880914800439 106.877924021807,-6.23869297080377</coordinates></LineString></MultiGeometry>
  </Placemark>
  <Placemark>
	<Style><LineStyle><color>ff0000ff</color></LineStyle><PolyStyle><fill>0</fill></PolyStyle></Style>
	<ExtendedData><SchemaData schemaUrl="#Jalan_Ganjil_Genap">
		<SimpleData name="NAMOBJ">Jalan Jenderal Ahmad Yani</SimpleData>
		<SimpleData name="SRS_ID">EPSG 32748</SimpleData>
		<SimpleData name="FCODE">CA02010160</SimpleData>
		<SimpleData name="KOTA">Kota Adminstrasi Jakarta Pusat dan Kota Administrasi Jakarta Timur</SimpleData>
		<SimpleData name="PERIODE">2025</SimpleData>
		<SimpleData name="METADATA">PEMBATASANLALIN5000DKIJAKARTA</SimpleData>
	</SchemaData></ExtendedData>
      <MultiGeometry><LineString><coordinates>106.8735595,-6.20493479999999 106.8735596,-6.2048534 106.8734481,-6.20439979999999 106.8733054,-6.2038101 106.8732278,-6.20349389999999 106.8731709,-6.2030903 106.8731112,-6.20267390000001 106.8731131,-6.2021168 106.8731736,-6.20117250000001 106.8733228,-6.20007649999999 106.8733538,-6.19986849999999</coordinates></LineString><LineString><coordinates>106.8735294,-6.20028999999999 106.8735914,-6.2004721 106.8736058,-6.2006267 106.8736083,-6.20096159999999 106.8735808,-6.20171949999999 106.873545,-6.2019104 106.8734906,-6.20208739999999 106.8734688,-6.2022393 106.873473,-6.2025375 106.8735637,-6.203312 106.8735934,-6.20346999999999 106.8736669,-6.20384800000001 106.8737478,-6.20426819999999 106.8737635,-6.2043496 106.8737906,-6.20451609999999 106.8738903,-6.20512849999999 106.8739187,-6.2053367 106.8739252,-6.2054154 106.8739402,-6.20559779999999 106.8739518,-6.2058415 106.8739413,-6.2059498</coordinates></LineString><LineString><coordinates>106.8737954,-6.2110981 106.8738192,-6.211018 106.8738255,-6.2109286 106.8738371,-6.21077999999999 106.873826,-6.21021 106.8738209,-6.2097588 106.8738049,-6.2090829 106.8737867,-6.2085841 106.8737443,-6.2078611 106.8737382,-6.2077233 106.8737197,-6.20688059999999 106.873718,-6.20662190000001 106.8736975,-6.2063075 106.8736777,-6.2057505 106.8736495,-6.2056305</coordinates></LineString><LineString><coordinates>106.8740523,-6.2165627 106.8739999,-6.21545729999999 106.8739629,-6.21459139999999 106.8739486,-6.21416190000001 106.8738844,-6.2128925 106.8738266,-6.2117488 106.8737997,-6.2112034 106.8737954,-6.2110981 106.8737322,-6.21095500000001 106.8737185,-6.2108942 106.8737151,-6.2106908 106.8736995,-6.20975949999999 106.873695,-6.20908369999999 106.873683,-6.2086022 106.8736307,-6.20687479999999 106.87361,-6.20659210000001 106.8736066,-6.20654309999999 106.8736053,-6.2062777 106.8736106,-6.2057389 106.8736448,-6.2056438 106.8736495,-6.2056305 106.8736447,-6.2055241 106.873604,-6.2052067 106.8735595,-6.20493479999999 106.8735156,-6.2048647 106.8734192,-6.2044186 106.8734144,-6.20439909999999 106.8732751,-6.20382750000001 106.8732077,-6.203594 106.8731208,-6.20329320000001 106.8730495,-6.2028826 106.8730296,-6.20276769999999 106.8729888,-6.20227609999999 106.8730078,-6.2017137 106.8730099,-6.20165280000001 106.8730202,-6.2014813 106.8730336,-6.2012805 106.8730799,-6.20089430000001 106.8730937,-6.2008016 106.8731544,-6.2003944 106.8732146,-6.2001228 106.8732658,-6.19997239999999 106.8733538,-6.19986849999999 106.8734155,-6.1995857 106.8736615,-6.1985816 106.8737461,-6.1982363 106.8738881,-6.1976565 106.8739149,-6.19754699999999 106.8739244,-6.1975083 106.8739555,-6.19736510000001 106.8740376,-6.19698779999999 106.8740493,-6.19691169999999 106.8741216,-6.19642260000001 106.8741856,-6.1960856 106.8742799,-6.1956389 106.8743577,-6.1951891 106.8743757,-6.19510839999999 106.8744227,-6.19493199999999 106.8745284,-6.19448419999999 106.8748857,-6.1925283 106.8749055,-6.1924199 106.8749191,-6.19233940000001 106.8749304,-6.1922726 106.874945,-6.19218659999999 106.8749697,-6.1920465 106.874998,-6.19188589999999 106.8750161,-6.1917899 106.8750986,-6.19116059999999 106.8751757,-6.190414 106.8751985,-6.19005530000001 106.8752119,-6.18980199999999 106.8752173,-6.18963600000001 106.875222,-6.1895453 106.8752374,-6.1893387 106.8752291,-6.1892907 106.8752354,-6.18899600000001 106.8752487,-6.1886886 106.8752524,-6.18844899999999 106.8752537,-6.18838210000001 106.8752546,-6.1883398 106.8752585,-6.1880721 106.875265,-6.1878166 106.875271,-6.1876719 106.8752753,-6.18758590000001 106.8752789,-6.1875034 106.8752866,-6.1873519 106.8753079,-6.1869308 106.8753374,-6.18633820000001 106.875348,-6.1861263 106.8753501,-6.1860769 106.8753623,-6.1858394 106.8753736,-6.1855478 106.8753772,-6.18545429999999 106.8753813,-6.18513930000001 106.8753916,-6.1849634 106.8754013,-6.1847969 106.8754047,-6.1846981 106.8754077,-6.18461840000001 106.8754118,-6.18448759999999 106.8754142,-6.18441689999999 106.8754139,-6.18429709999999 106.8754075,-6.1840443 106.8755116,-6.1838058 106.8755203,-6.1837529 106.8755351,-6.1833422 106.8756653,-6.18077220000001 106.8757128,-6.17986619999999 106.875751,-6.17941149999999 106.8758539,-6.1780563 106.8758513,-6.1780053 106.8758389,-6.1779573 106.8758194,-6.17789700000001 106.8758253,-6.1778021 106.8758275,-6.17776220000001 106.875839,-6.1776234 106.8758505,-6.17744919999999 106.8758556,-6.17737160000001 106.8758571,-6.17734320000001 106.8758704,-6.1771476 106.8758914,-6.17696219999999 106.8759479,-6.1764935 106.8759548,-6.17643630000001 106.8759864,-6.17619800000001 106.8759911,-6.176148 106.8760881,-6.1753999 106.8761122,-6.1752753 106.8761629,-6.17503550000001 106.8762144,-6.174803 106.8762332,-6.17471489999999 106.8763167,-6.17435 106.8765464,-6.1734561 106.8766289,-6.1731376 106.8766559,-6.1729604 106.876712,-6.17265839999999 106.8768844,-6.17182620000001 106.8768923,-6.1717935 106.8769566,-6.17158210000001 106.8771595,-6.1709239 106.8772593,-6.1705762 106.877297,-6.1704509 106.8773649,-6.17021800000001 106.8774006,-6.1700872 106.8775347,-6.1695543 106.8775996,-6.1695117 106.8776039,-6.16950719999999 106.8776071,-6.169501 106.877782,-6.1689279 106.8778698,-6.168641 106.8781179,-6.1678249 106.8782047,-6.1675941 106.8782235,-6.16753949999999 106.8782889,-6.1673753 106.8783372,-6.1672567 106.8783944,-6.1671205 106.8784505,-6.16699679999999 106.8785152,-6.1668641 106.87858,-6.1667371 106.8786534,-6.16658260000001 106.8786864,-6.16651850000001 106.8786944,-6.1665029 106.8787197,-6.16645219999999 106.8787509,-6.1663946 106.8787806,-6.16633860000001 106.8788101,-6.1662829</coordinates></LineString><LineString><coordinates>106.874288,-6.2123187 106.8743293,-6.2133113 106.8743344,-6.21343400000001 106.8744031,-6.2146222 106.8744222,-6.2150993 106.8744251,-6.21516209999999 106.8744256,-6.2151903 106.8744342,-6.21546570000001 106.874459,-6.2158279 106.874491879803,-6.21657290734932</coordinates></LineString><LineString><coordinates>106.8754075,-6.1840443 106.8754037,-6.18397280000001 106.8753876,-6.1836635 106.8753876,-6.18351549999999 106.8753863,-6.1832469 106.875405,-6.18279290000001 106.8754473,-6.1824169 106.8754828,-6.1818827 106.875501,-6.18157180000001 106.8755355,-6.18112940000001 106.8755686,-6.180777 106.8756397,-6.1799163 106.8756658,-6.17962549999999 106.8756969,-6.17931890000001 106.8757121,-6.17917419999999 106.8757761,-6.178488 106.8758194,-6.17789700000001</coordinates></LineString><LineString><coordinates>106.8759548,-6.17643630000001 106.8759314,-6.17624299999999 106.875926,-6.176155 106.8759267,-6.176085 106.8759314,-6.1759963 106.8759374,-6.1758683 106.8759543,-6.17565449999999 106.8759898,-6.17533539999999 106.8760554,-6.17498629999999 106.8761168,-6.1747061 106.8761671,-6.174492 106.8762763,-6.17407559999999 106.8763106,-6.17394479999999 106.8763868,-6.17360489999999 106.8764053,-6.1735347 106.8764135,-6.1734873 106.8764558,-6.1732323 106.8764722,-6.17317290000001 106.8764958,-6.1730788 106.8765266,-6.17297599999999 106.8765656,-6.172835 106.8765894,-6.1727515 106.8766124,-6.1726665 106.8766403,-6.1725628 106.8766601,-6.1724938 106.8767908,-6.1720289 106.8768415,-6.17189779999999 106.8768844,-6.17182620000001</coordinates></LineString><LineString><coordinates>106.8775347,-6.1695543 106.877803752866,-6.16851526540889 106.878107910108,-6.167654598544 106.878428445047,-6.16689860622634 106.878758338672,-6.16626589798121</coordinates></LineString><LineString><coordinates>106.879102270322,-6.16634731268743 106.878975928083,-6.16662179646197 106.878884680911,-6.16679858254664 106.878713884921,-6.16715215453916 106.878402708665,-6.16796164742368 106.878217874649,-6.16850130866007 106.8780473,-6.1689626 106.8777797,-6.17 106.8775069,-6.1707984 106.8773795,-6.17121650000001 106.8773414,-6.1712993 106.876531,-6.17436289999999 106.8764324,-6.17476080000001 106.8763534,-6.1750778 106.8762779,-6.1754189 106.8761931,-6.1760139 106.8762042,-6.1761573 106.8761936,-6.1763256 106.8761102,-6.17729440000001 106.8760788,-6.1776446 106.8760124,-6.1789192 106.8759219,-6.18051029999999 106.8759079,-6.18078 106.8758472,-6.1816774 106.8758316,-6.181916 106.8758038,-6.1823016 106.875765,-6.1828297 106.875673,-6.18458089999999 106.8756915,-6.1846475 106.8756907,-6.18486140000001 106.8756865,-6.1849542 106.8755784,-6.1873355 106.8755777,-6.18735070000001 106.8755713,-6.1874934 106.8755705,-6.1875275 106.8755705,-6.1875385 106.8755567,-6.1878248 106.8755558,-6.18784359999999 106.8755401,-6.18824860000001 106.875538,-6.1884753 106.8755257,-6.1886632 106.8755217,-6.18884069999999 106.8755143,-6.1891174 106.8754949,-6.1892193 106.8754922,-6.18939870000001 106.8754855,-6.189626 106.8754761,-6.1898233 106.8754473,-6.1902266 106.8754385,-6.19031599999999 106.8754318,-6.1903793 106.8754224,-6.1904473 106.8754117,-6.19055929999999 106.8753802,-6.19093800000001 106.8753392,-6.1912843 106.8752675,-6.1917313 106.8752115,-6.19207499999999 106.8751875,-6.19222239999999 106.8751752,-6.19230050000001 106.8751645,-6.19236809999999 106.8751485,-6.19244779999999 106.875129,-6.192547 106.8750912,-6.19273920000001 106.8750201,-6.1931045 106.8749061,-6.19370450000001 106.8745575,-6.1956554 106.8745522,-6.1957297 106.8744895,-6.196052 106.874429,-6.19634020000001 106.874357,-6.1967017 106.8743485,-6.1967453 106.8743111,-6.19693650000001 106.8742952,-6.197012 106.8742113,-6.1974326 106.8741808,-6.1975716 106.8741722,-6.19760919999999 106.8740152,-6.1982961 106.8738627,-6.19894959999999 106.8736507,-6.19980419999999 106.8735294,-6.20028999999999 106.873504,-6.2004086 106.8734776,-6.2005634 106.8734446,-6.20075659999999 106.8733969,-6.2010574 106.8733662,-6.20150630000001 106.8733472,-6.202009 106.873337,-6.2022619 106.8733604,-6.2025495 106.8733881,-6.2028794 106.8734407,-6.2032499 106.8735088,-6.203653 106.873622,-6.20421169999999 106.8737374,-6.2047667 106.8737959,-6.2049992 106.8738362,-6.2051907 106.8738748,-6.2054553 106.8739148,-6.20584229999999 106.8739413,-6.2059498 106.8739575,-6.2065208 106.8739698,-6.20701800000001 106.8739787,-6.20739309999999 106.8739892,-6.2076704 106.8739908,-6.2077146 106.8740194,-6.20823589999999 106.8740303,-6.20844059999999 106.874047,-6.2088395 106.8740698,-6.2094671 106.8740962,-6.2098717 106.8741233,-6.2103183 106.8741622,-6.2108196 106.8742021,-6.2113241 106.874288,-6.2123187 106.8743395,-6.2121934 106.8743616,-6.2121201 106.8743663,-6.21206209999999 106.8743416,-6.21157739999999 106.8743268,-6.2112875 106.8742476,-6.21057019999999 106.8742155,-6.2103115 106.8741816,-6.2098894 106.8741739,-6.2097043 106.8741634,-6.20947379999999 106.8741452,-6.2090752 106.8741234,-6.2088335 106.8741091,-6.208677 106.8740982,-6.20855839999999 106.8740876,-6.20841959999999 106.8740653,-6.2082006 106.8740069,-6.2074831 106.8740022,-6.20745509999999 106.8739948,-6.2074344 106.8739787,-6.20739309999999</coordinates></LineString><LineString><coordinates>106.8790257,-6.16632320000001 106.8789676,-6.16642879999999 106.8789385,-6.16648130000001 106.8789162,-6.1665247 106.8789092,-6.1665398 106.8788662,-6.1666326 106.8787258,-6.1669353 106.8786686,-6.1670553 106.8782963,-6.16797159999999 106.8780473,-6.1689626</coordinates></LineString></MultiGeometry>
  </Placemark>
  <Placemark>
	<Style><LineStyle><color>ff0000ff</color></LineStyle><PolyStyle><fill>0</fill></PolyStyle></Style>
	<ExtendedData><SchemaData schemaUrl="#Jalan_Ganjil_Genap">
		<SimpleData name="NAMOBJ">Jalan Hayam Wuruk</SimpleData>
		<SimpleData name="SRS_ID">EPSG 32748</SimpleData>
		<SimpleData name="FCODE">CA02010160</SimpleData>
		<SimpleData name="KOTA">Kota Administrasi Jakarta Pusat dan Kota Administrasi Jakarta Barat</SimpleData>
		<SimpleData name="PERIODE">2025</SimpleData>
		<SimpleData name="METADATA">PEMBATASANLALIN5000DKIJAKARTA</SimpleData>
	</SchemaData></ExtendedData>
      <MultiGeometry><LineString><coordinates>106.8149851,-6.14271249999999 106.815054,-6.1427628 106.8150622,-6.1427862 106.8150886,-6.14286490000001 106.8152791,-6.1434318 106.8152941,-6.14347429999999 106.8153773,-6.1437113 106.8153947,-6.1437591 106.8154791,-6.14400080000001 106.8155044,-6.14407919999999 106.81552,-6.1441278 106.8157429,-6.1448937 106.8159017,-6.14549760000001 106.8159408,-6.14566130000001 106.8159593,-6.1457216 106.8160572,-6.14604000000001 106.8162499,-6.14675250000001 106.8163154,-6.14699470000001 106.8163396,-6.1470843 106.8163516,-6.14712409999999 106.8164164,-6.14737159999999 106.8165408,-6.1478942 106.8166181,-6.14823 106.816745,-6.1488563 106.8167463,-6.1488577 106.816803,-6.1490624 106.8168719,-6.1493483 106.8168875,-6.14942299999999 106.8169202,-6.1495632 106.8169419,-6.14968190000001 106.8169615,-6.14978489999999 106.8169897,-6.14983589999999 106.8170028,-6.1498633 106.8170242,-6.1499264 106.8170411,-6.1499895 106.8170807,-6.1501253 106.8171076,-6.15021999999999 106.8172091,-6.15064290000001 106.8172443,-6.150792 106.8172938,-6.15100160000001 106.8173397,-6.1511783 106.8173464,-6.15121059999999 106.8173691,-6.15130619999999 106.8174529,-6.1516434 106.817469,-6.15170910000001 106.8174884,-6.1517886 106.8175909,-6.1521766 106.817672,-6.1525144 106.817784,-6.15300909999999 106.8177925,-6.1530447 106.8178224,-6.15317480000001 106.8178957,-6.15349440000001 106.8179502,-6.15384019999999 106.8179705,-6.15393900000001 106.8179979,-6.1541017 106.8180331,-6.1543107 106.8180509,-6.1544041 106.8180933,-6.15461159999999 106.8182536,-6.1552883 106.8182831,-6.15541349999999 106.8183192,-6.15556290000001 106.818358,-6.15573180000001 106.8184392,-6.15608349999999 106.8184548,-6.1561697 106.8184578,-6.1561864 106.8185338,-6.1565868 106.8185441,-6.156641 106.818575,-6.15677449999999 106.8185992,-6.15687879999999 106.8186166,-6.1569581 106.818671,-6.1572058 106.818685,-6.15726110000001 106.8187688,-6.1576073 106.8188126,-6.15784099999999 106.8188428,-6.1579697 106.8189187,-6.15827829999999 106.819002,-6.15858419999999 106.8191822,-6.1593241 106.8192568,-6.1596367 106.8192842,-6.159747 106.819296084982,-6.1597986761116 106.8193069,-6.1598457 106.8193736,-6.1601105 106.8194028,-6.1602261 106.8194314,-6.16034199999999 106.8194452,-6.1604035 106.8195136,-6.1606912 106.8195453,-6.1608293 106.8195638,-6.16091530000001 106.8196401,-6.161256 106.819692,-6.16147450000001 106.8197204,-6.16159059999999 106.8198336,-6.16207599999999 106.8199017,-6.1624135 106.8199123,-6.1624645 106.820017,-6.16294810000001 106.8200189,-6.16295659999999 106.8200452,-6.1630756 106.8200994,-6.16331309999999 106.8201609,-6.16359409999999 106.820179,-6.1636766 106.8202185,-6.1638581 106.8202898,-6.16418520000001 106.8202967,-6.16421659999999 106.8203301,-6.1643679 106.8203448,-6.16445749999999 106.8203547,-6.16451929999999 106.820393,-6.1647669 106.820465,-6.1651135 106.8205245,-6.1654045 106.8205898,-6.16571999999999 106.8205972,-6.1657659 106.8206059,-6.1658111 106.8206375,-6.1659782 106.8206844,-6.1661884 106.8207274,-6.1663716 106.8207959,-6.1666659 106.8208541,-6.1669162 106.8208719,-6.1669792 106.8209132,-6.1671585 106.8209311,-6.16724889999999 106.820947394282,-6.16732909617515 106.820998163529,-6.16753310093728 106.821057394318,-6.16766665040402</coordinates></LineString><LineString><coordinates>106.816796457614,-6.15004732922917 106.816881497171,-6.15002002658145 106.816922245292,-6.14998567808715 106.8169468,-6.1499121 106.8169575,-6.1498435 106.8169615,-6.14978489999999</coordinates></LineString><LineString><coordinates>106.8208947,-6.1673707 106.8208809,-6.1672772 106.8208768,-6.1672498 106.8208561,-6.16715 106.8207818,-6.1668708 106.8207117,-6.16660630000001 106.8206012,-6.16609079999999 106.8205253,-6.16575360000001 106.8204494,-6.16541339999999 106.8204197,-6.16526099999999 106.820408,-6.1652025 106.8203929,-6.1651263 106.8203707,-6.1649757 106.8203064,-6.1646371 106.8202747,-6.1644797 106.8201235,-6.16372799999999 106.8200443,-6.16338940000001 106.8199572,-6.1630535 106.8199407,-6.16300869999999 106.8199284,-6.16297589999999 106.8198973,-6.162893 106.8198667,-6.16277179999999 106.8198027,-6.1624775 106.8196977,-6.1619767 106.8196555,-6.1617195 106.8194757,-6.1609164 106.8193454,-6.16036280000001 106.8192976,-6.16014729999999 106.8192287,-6.1598537 106.819216571376,-6.15980724035283 106.8192045,-6.159761 106.8191787,-6.1596516 106.8191494,-6.1595246 106.8189324,-6.15863270000001 106.8188563,-6.15828340000001 106.8188464,-6.1582505 106.8188316,-6.1581963 106.8188056,-6.15811129999999 106.818781,-6.1580231 106.8186072,-6.157283 106.8185557,-6.1570207 106.81852,-6.1568638 106.8185077,-6.1568025 106.8185052,-6.1567902 106.8185006,-6.1567659 106.818466,-6.1565822 106.8183984,-6.15620620000001 106.8183505,-6.15593959999999 106.8183349,-6.15587040000001 106.8182907,-6.15568979999999 106.8182601,-6.15561870000001 106.8182347,-6.15558399999999 106.8180115,-6.1552903 106.8179863,-6.1552562 106.8178863,-6.15512079999999 106.8178588,-6.1550789 106.8178344,-6.1550247</coordinates></LineString><LineString><coordinates>106.817946465299,-6.15507308670298 106.8179472,-6.1550762 106.8179678,-6.15511179999999 106.8179885,-6.15514120000001 106.818062085398,-6.15523018306346 106.818146239126,-6.15533058535755 106.818194073877,-6.15539047443621 106.818241908628,-6.15545388639451 106.818279999263,-6.15549704175069 106.818311889097,-6.15554019710336</coordinates></LineString></MultiGeometry>
  </Placemark>
  <Placemark>
	<Style><LineStyle><color>ff0000ff</color></LineStyle><PolyStyle><fill>0</fill></PolyStyle></Style>
	<ExtendedData><SchemaData schemaUrl="#Jalan_Ganjil_Genap">
		<SimpleData name="NAMOBJ">Jalan Gajah Mada</SimpleData>
		<SimpleData name="SRS_ID">EPSG 32748</SimpleData>
		<SimpleData name="FCODE">CA02010160</SimpleData>
		<SimpleData name="KOTA">Kota Administrasi Jakarta Pusat dan Kota Administrasi Jakarta Barat</SimpleData>
		<SimpleData name="PERIODE">2025</SimpleData>
		<SimpleData name="METADATA">PEMBATASANLALIN5000DKIJAKARTA</SimpleData>
	</SchemaData></ExtendedData>
      <MultiGeometry><LineString><coordinates>106.8148385,-6.1426965 106.8148574,-6.14275220000001 106.8148785,-6.14284 106.8150193,-6.1432949 106.815066,-6.14343470000001 106.8151241,-6.14370469999999 106.8151651,-6.1438506 106.815174,-6.1438823 106.8152632,-6.1442043 106.8153991,-6.1446827 106.8154514,-6.14489910000001 106.8154587,-6.14493150000001 106.8155237,-6.14522 106.8156014,-6.14555259999999 106.8156115,-6.1455961 106.8156238,-6.1456486 106.8156522,-6.14577019999999 106.8157146,-6.1460379 106.8158555,-6.14659270000001 106.815935,-6.1469008 106.8159418,-6.14692690000001 106.8159994,-6.14714979999999 106.8160786,-6.14745410000001 106.8161417,-6.14767279999999 106.8162778,-6.14822169999999 106.8163279,-6.1484107 106.8164744,-6.14896259999999 106.816497,-6.14905020000001 106.8165105,-6.1491073 106.8166862,-6.1498388 106.8167296,-6.1498983 106.8167605,-6.1499512 106.8167813,-6.14999449999999 106.8167947,-6.15003909999999 106.8168299,-6.1501873 106.8168583,-6.15029379999999 106.8169386,-6.1506677 106.817071,-6.1512405 106.8171846,-6.1517526 106.8173003,-6.152254 106.8173653,-6.1525461 106.8173784,-6.152605 106.8174866,-6.1530663 106.8174897,-6.15308190000001 106.8175183,-6.15321329999999 106.8175746,-6.1534587 106.8176009,-6.15362760000001 106.8176458,-6.1538242 106.8176988,-6.1540566 106.8177798,-6.1543815 106.8178331,-6.15459269999999 106.817946465299,-6.15507308670298</coordinates></LineString><LineString><coordinates>106.8206923,-6.16766079999999 106.8206711,-6.1675871 106.8206375,-6.16745830000001 106.820629,-6.16742309999999 106.8206101,-6.1673545 106.8204639,-6.1668416 106.8203322,-6.16622780000001 106.8202675,-6.16594219999999 106.8202551,-6.1658871 106.8202061,-6.1656709 106.8201981,-6.16563410000001 106.8200024,-6.16472889999999 106.8199941,-6.16469190000001 106.8199842,-6.16463349999999 106.8199685,-6.1645704 106.8198742,-6.1641546 106.8198457,-6.1640239 106.8197918,-6.16378780000001 106.8197643,-6.1636721 106.8197019,-6.1634119 106.8196817,-6.1633238 106.8196527,-6.1631971 106.8196357,-6.16311929999999 106.8196221,-6.16305609999999 106.8195902,-6.162906 106.8195777,-6.16285040000001 106.8195493,-6.1627181 106.819511,-6.1625569 106.8194357,-6.162217 106.8194247,-6.1621625 106.8194219,-6.16214980000001 106.8192931,-6.1615963 106.8192815,-6.16154810000001 106.8191876,-6.16115729999999 106.8191713,-6.1610906 106.8191387,-6.160938 106.8190719,-6.1606442 106.818978,-6.1602367 106.818896257168,-6.15986489045764 106.8188863,-6.15981959999999 106.8188634,-6.1597136 106.818847,-6.1596406 106.8187858,-6.15936450000001 106.818594,-6.1584174 106.8185242,-6.158126 106.8184233,-6.1577045 106.8182993,-6.1571749 106.8182716,-6.1570498 106.8182708,-6.15704650000001 106.8182276,-6.15685530000001 106.8181095,-6.1563186 106.8180485,-6.1560437 106.8180214,-6.1559289 106.8178344,-6.1550247 106.8177083,-6.1544791 106.8176939,-6.1544166 106.8175654,-6.1538356 106.8175253,-6.1536545 106.8174734,-6.1534487 106.817422,-6.15323119999999 106.8173963,-6.1531045 106.8173708,-6.15296079999999 106.8172989,-6.15263720000001 106.8172872,-6.15258430000001 106.8172832,-6.1525662 106.8171994,-6.1521888 106.8171728,-6.15207259999999 106.8171269,-6.1518725 106.8170098,-6.15136210000001 106.8169918,-6.15128239999999 106.8168739,-6.15074 106.8168282,-6.1505296 106.8167543,-6.1502034 106.8167383,-6.150133 106.8167224,-6.1500592 106.8167095,-6.1499973 106.8166975,-6.14993219999999 106.816692,-6.14989099999999 106.8166862,-6.1498388</coordinates></LineString></MultiGeometry>
  </Placemark>
  <Placemark>
	<Style><LineStyle><color>ff0000ff</color></LineStyle><PolyStyle><fill>0</fill></PolyStyle></Style>
	<ExtendedData><SchemaData schemaUrl="#Jalan_Ganjil_Genap">
		<SimpleData name="NAMOBJ">Jalan M.T. Haryono</SimpleData>
		<SimpleData name="SRS_ID">EPSG 32748</SimpleData>
		<SimpleData name="FCODE">CA02010160</SimpleData>
		<SimpleData name="KOTA">Kota Administrasi Jakarta Selatan dan Kota Administrasi Jakarta Timur</SimpleData>
		<SimpleData name="PERIODE">2025</SimpleData>
		<SimpleData name="METADATA">PEMBATASANLALIN5000DKIJAKARTA</SimpleData>
	</SchemaData></ExtendedData>
      <MultiGeometry><LineString><coordinates>106.874657941237,-6.24741946652886 106.874592828321,-6.24738295429742 106.874083571608,-6.24704349105871 106.873358140748,-6.24663449564091 106.872378267722,-6.24630622277176 106.871777351114,-6.24612863244527 106.870748755119,-6.2458326484339 106.870315662069,-6.24566043947756 106.869752641103,-6.24531602139493 106.869463010126,-6.24517341071626 106.868764647582,-6.24491509693524 106.86793094346,-6.24458682298797 106.867730637924,-6.2444872644551 106.867183857948,-6.24422895033558 106.866818435687,-6.24409172090775 106.866125486806,-6.2438858766986 106.865513742872,-6.24368675934739 106.864845155476,-6.24348764192046 106.864238825205,-6.24337462929313 106.863767836513,-6.24333964918925 106.862771722497,-6.243310050638 106.862530474049,-6.24331286100063 106.862078773616,-6.24331812297033 106.861001454653,-6.24332081374774 106.860584602592,-6.24338001084737 106.85956142026,-6.24344458949387 106.858733129801,-6.24342306327927 106.857774911427,-6.24340691861771 106.856735488106,-6.24338539240155 106.855939679626,-6.24337462929314 106.85404489753,-6.24335310307563 106.852756445705,-6.24335848463009 106.851435511902,-6.24340691861772 106.850726322032,-6.24347149726091 106.850038786814,-6.24350378657952 106.84944328387,-6.24355222055371 106.848953347356,-6.24356567443463 106.848046558782,-6.24360065452341 106.847137063376,-6.24367061469396 106.846333134401,-6.24373788407993 106.845098819207,-6.24367330546957 106.843584346947,-6.24356298365848</coordinates></LineString><LineString><coordinates>106.846407572269,-6.24372173942808 106.84620185307,-6.24363025305825 106.845714623388,-6.24359258219544 106.845048742823,-6.24356567443463 106.844117592765,-6.24350109580306 106.843608708431,-6.24347418803755</coordinates></LineString><LineString><coordinates>106.843743106384,-6.24298858267619 106.844455946711,-6.24311093306784 106.845549506663,-6.24325623508596 106.846507725037,-6.24327776130743 106.847027436698,-6.24324009041926 106.847831066662,-6.24320554540678 106.848509456487,-6.24315525366844 106.848953284407,-6.24309581797147 106.849505194773,-6.24301580836874 106.850066303645,-6.24297923254629 106.85080448376,-6.24297923254628 106.852400424569,-6.24295637265595 106.852961533441,-6.24296323062316 106.854313713839,-6.24297237457929 106.854801234662,-6.24297694655729 106.85642477099,-6.24297466056829 106.859451079498,-6.24290150891507 106.860444518157,-6.24288779297895 106.861470151588,-6.24292894078623 106.862564486361,-6.24292208281859</coordinates></LineString><LineString><coordinates>106.84381131883,-6.24284857340421 106.844017439997,-6.24289028918549 106.844564219973,-6.2430355912648 106.845240927865,-6.24315398552185 106.846042150008,-6.24319165641621 106.846637652952,-6.24321856419624 106.846913749772,-6.24324009041927</coordinates></LineString><LineString><coordinates>106.862564773814,-6.24292208281857 106.863399538243,-6.24290836688299 106.864383778396,-6.24297237457928 106.865390152454,-6.24319625858042 106.866992992142,-6.24370603366437 106.868386565817,-6.24419523439942 106.869214431366,-6.24441468878628 106.869830731275,-6.24475758608162 106.870318252098,-6.24526050170858 106.870631001306,-6.24557596671896 106.871854402618,-6.24597372667848 106.873247976292,-6.2462160400689 106.874200021674,-6.24649492892659 106.874716862735,-6.24676067329415</coordinates></LineString><LineString><coordinates>106.869473837452,-6.24517610148414 106.869362857358,-6.24504694461022 106.869051571728,-6.24490164308898 106.868401932152,-6.24465947379731 106.868098767017,-6.24454915219397 106.86756822803,-6.24435810741126 106.867267769727,-6.24426123960749 106.867213633095,-6.24424105881277</coordinates></LineString><LineString><coordinates>106.872429309249,-6.246073738115 106.873091601688,-6.24632062340795 106.873625115042,-6.24648064159118 106.874227617192,-6.24672752669222 106.874793325317,-6.24711614189313</coordinates></LineString><LineString><coordinates>106.874735834654,-6.24718357803098 106.874383991796,-6.24694355106011 106.873898770599,-6.24670123800644 106.873185886376,-6.24648178457803 106.872613279371,-6.24638463068712</coordinates></LineString><LineString><coordinates>106.874770636669,-6.24716180629573 106.874672132514,-6.24722404307863 106.874570289235,-6.24725557637915 106.874430046031,-6.2472572360265 106.874401663477,-6.24725391673181</coordinates></LineString><LineString><coordinates>106.874717210686,-6.24676224597321 106.874762288859,-6.24682697227669 106.874795680098,-6.24690165646307 106.874812375718,-6.24697965993524 106.874832410461,-6.24703110902755</coordinates></LineString><LineString><coordinates>106.874718462858,-6.24675975649985 106.874812375718,-6.24676390562212 106.874889175568,-6.24673569158998 106.874952618922,-6.2466942003635 106.875004375342,-6.24664607053665</coordinates></LineString></MultiGeometry>
  </Placemark>
  <Placemark>
	<Style><LineStyle><color>ff0000ff</color></LineStyle><PolyStyle><fill>0</fill></PolyStyle></Style>
	<ExtendedData><SchemaData schemaUrl="#Jalan_Ganjil_Genap">
		<SimpleData name="NAMOBJ">Jalan Jenderal Gatot Subroto</SimpleData>
		<SimpleData name="SRS_ID">EPSG 32748</SimpleData>
		<SimpleData name="FCODE">CA02010160</SimpleData>
		<SimpleData name="KOTA">Kota Administrasi Jakarta Pusat dan Kota Administrasi Jakarta Selatan</SimpleData>
		<SimpleData name="PERIODE">2025</SimpleData>
		<SimpleData name="METADATA">PEMBATASANLALIN5000DKIJAKARTA</SimpleData>
	</SchemaData></ExtendedData>
      <MultiGeometry><LineString><coordinates>106.812166618206,-6.2194994089146 106.810975612317,-6.21769112129825 106.810450486993,-6.21689461168504 106.808961729632,-6.21482798652365 106.808081544137,-6.21354248035979 106.807301976646,-6.21281592874803 106.80684181528,-6.21240690665867 106.806473686187,-6.21190101047691 106.805910665222,-6.21094841741074 106.805120270405,-6.21002273210198 106.804486871818,-6.20923159278673 106.803128042373,-6.20766007443133 106.801872072526,-6.20613160687582 106.801260328593,-6.20528664227471 106.800664825648,-6.2040810853391 106.799703900443,-6.2021328133912 106.79945757877,-6.20166458121458</coordinates></LineString><LineString><coordinates>106.799717202452,-6.20120519918579 106.799720781286,-6.2012123685829 106.799865020338,-6.20150131939212 106.800344783873,-6.20246167600467 106.801060034753,-6.20395016794549 106.801565478709,-6.20492669222195 106.801975555881,-6.20555716567221 106.802552524924,-6.20618289797471 106.803301154179,-6.20708357195396 106.804102235166,-6.2080885326816 106.804836559403,-6.20897498229791 106.805766385548,-6.21000364121226 106.806095400953,-6.21044449441756 106.806543624838,-6.21120295068115 106.807101520525,-6.21201354960489 106.807382852538,-6.21232167167539 106.808183933524,-6.21292843460996 106.808679840801,-6.2135731194615 106.809457080092,-6.21468235478404 106.810277234435,-6.21583899083498 106.810882813514,-6.21677757067938 106.811240438954,-6.21736062701208 106.811493160932,-6.21768770711083 106.812203643473,-6.21879219347722 106.812518353861,-6.21921881849116</coordinates></LineString><LineString><coordinates>106.837272015737,-6.24173056188543 106.836625082992,-6.24157987787143 106.835902358965,-6.2414049767294 106.834402774277,-6.24105248348111 106.833791030344,-6.24089910848224 106.833030410674,-6.24066500971319 106.832397012088,-6.24032327913838 106.8319693327,-6.24006765375956 106.831100439768,-6.23947029712497 106.829958156847,-6.238754544585 106.82958190726,-6.23846931961625 106.829067609262,-6.23815449564978 106.828669705022,-6.23788272438135 106.827955101489,-6.23743605050535 106.82698876262,-6.23679294708774 106.825878961678,-6.23610409903738 106.824893674989,-6.23546368480379 106.824552614212,-6.23522151115031 106.824271103729,-6.23503315378696 106.823756805731,-6.23470218282747 106.823431985944,-6.23459454995011 106.822771519042,-6.23416401821979 106.821943228583,-6.23346978506027 106.821469533059,-6.23298543580021 106.821044560503,-6.23244726943122 106.820438230232,-6.23162387381825 106.818968420692,-6.22945505435365 106.818015615982,-6.22805042952197 106.817485076995,-6.22730237108564 106.816678441188,-6.22606457421012 106.815617363215,-6.2245415418776 106.814518389599,-6.2229754510229 106.813598066867,-6.22158695419644 106.813175801143,-6.22094652225345 106.812802258387,-6.22040296175686 106.812168859801,-6.21950420207904</coordinates></LineString><LineString><coordinates>106.812520747904,-6.21922703935344 106.81306752788,-6.22000740005204 106.813771304087,-6.22105146703704 106.814431770989,-6.22200942358038 106.814994791955,-6.22282745250484 106.815368334711,-6.22325261177184 106.815790600435,-6.22382845985081 106.816207452496,-6.22453885100383 106.81680295544,-6.22544836554743 106.817533799963,-6.22650318517583 106.818037270634,-6.22728353506808 106.818556982295,-6.22800468497193 106.818957593366,-6.22862896319327 106.819320308796,-6.22914022497679 106.819612646605,-6.2294577452022 106.819991603024,-6.23003896816809 106.820397627759,-6.23069553407758 106.820765756852,-6.23124984727969 106.821079749313,-6.23176110651013 106.822108345308,-6.23303117991611 106.822763398547,-6.2335585823761 106.823586275343,-6.23410751090393 106.824755626579,-6.2348986127717 106.826184833645,-6.23589421546714 106.826948160147,-6.23638932529301 106.827457044481,-6.23671760437631 106.82845857216,-6.23736878031032 106.829059488768,-6.23771320361779 106.829568373102,-6.23804686348111 106.829766411161,-6.23813564596542 106.829768678638,-6.23813835082587</coordinates></LineString><LineString><coordinates>106.829738903491,-6.23860655051681 106.829165055199,-6.23833747028578 106.828526242949,-6.2379123232392 106.827838707732,-6.23743335969773 106.826653115506,-6.23672836762148 106.825803170395,-6.23613638880996 106.825001948251,-6.23564127874527 106.824530959559,-6.23521074787423</coordinates></LineString><LineString><coordinates>106.82480976321,-6.23492552097751 106.825524366743,-6.23528070916482 106.826341829876,-6.23585654404821 106.827435389828,-6.23660459028887 106.828117511383,-6.23702973839602 106.829330171924,-6.23777778296275 106.829660405375,-6.23800919221686 106.829766411161,-6.23813564596542 106.829844469922,-6.23817064047315</coordinates></LineString><LineString><coordinates>106.829849883585,-6.23817064047316 106.83077561998,-6.23873570897863 106.832042417153,-6.23954294864392 106.832562128813,-6.23984431780019 106.833065599484,-6.24000576549119 106.834299914678,-6.24046320034555 106.835166100779,-6.24069460841389 106.836232592415,-6.2409690690136 106.837732177103,-6.24139959515487 106.839280484758,-6.24177630523823 106.84054728193,-6.24203462056742 106.841061579928,-6.24212610721597 106.841153612201,-6.24223912011269 106.841998143649,-6.24246514583299 106.843091703602,-6.24283647359032 106.843703447536,-6.24298177568457 106.843743106384,-6.24298858267619</coordinates></LineString><LineString><coordinates>106.843578933283,-6.24356567443464 106.843197270033,-6.24352800356717 106.842612594415,-6.24336655696169 106.842117244238,-6.24318358408195 106.841686858019,-6.24298177568458 106.841345797242,-6.2428633813886 106.841002029633,-6.24276651330836 106.840411940352,-6.24262121115438 106.839718991471,-6.24241402097622 106.839185745653,-6.24224988324444 106.838779720918,-6.242142251917 106.838565881225,-6.24204000213544 106.8382979049,-6.24197273253143 106.838244985575,-6.24193515710395 106.837924362144,-6.24185971957722 106.837653678987,-6.24183819329748 106.837280136231,-6.24173594345656</coordinates></LineString><LineString><coordinates>106.843608708431,-6.24347418803755 106.842910345887,-6.243371938516 106.842060400775,-6.243049045159 106.841443243179,-6.24284454592995 106.841140078043,-6.2427530594069 106.840230582637,-6.24249474443201 106.838839271213,-6.2420749823261 106.838244985575,-6.24193515710395 106.838241061437,-6.24193237076487</coordinates></LineString><LineString><coordinates>106.841061579928,-6.24211534408166 106.841375572389,-6.24213687035003 106.842095589586,-6.24239518550142 106.843113358254,-6.24270731613936 106.84381131883,-6.24284857340421</coordinates></LineString></MultiGeometry>
  </Placemark>
  <Placemark>
	<Style><LineStyle><color>ff0000ff</color></LineStyle><PolyStyle><fill>0</fill></PolyStyle></Style>
	<ExtendedData><SchemaData schemaUrl="#Jalan_Ganjil_Genap">
		<SimpleData name="NAMOBJ">Jalan Tomang Raya</SimpleData>
		<SimpleData name="SRS_ID">EPSG 32748</SimpleData>
		<SimpleData name="FCODE">CA02010160</SimpleData>
		<SimpleData name="KOTA">Kota Administrasi Jakarta Pusat dan Kota Administrasi Jakarta Barat</SimpleData>
		<SimpleData name="PERIODE">2025</SimpleData>
		<SimpleData name="METADATA">PEMBATASANLALIN5000DKIJAKARTA</SimpleData>
	</SchemaData></ExtendedData>
      <MultiGeometry><LineString><coordinates>106.7956789,-6.17955159999999 106.7958102,-6.1794797 106.7958971,-6.17942659999999 106.7959543,-6.1793957 106.7960236,-6.1793613 106.7960709,-6.179337 106.7962527,-6.1792491 106.7963832,-6.17918139999999 106.7964048,-6.1791732 106.7965817,-6.17910599999999 106.796806,-6.1790031 106.7968351,-6.17898890000001 106.7975096,-6.1786708 106.7976457,-6.1786279 106.7977927,-6.1785542 106.7980789,-6.1783935 106.798699,-6.1780066 106.7990358,-6.1777683 106.7992689,-6.1776049 106.7998843,-6.1771854 106.7999823,-6.17711530000001 106.8000185,-6.177087 106.8001434,-6.1769924 106.8005774,-6.17668360000001 106.8010474,-6.1763569 106.801299,-6.17617950000001 106.8022715,-6.1754746 106.8024349,-6.175356 106.8026321,-6.17520119999999 106.8029298,-6.1750215 106.8032396,-6.17486929999999 106.8037521,-6.1745985 106.80427,-6.17430899999999 106.8044679,-6.1741684 106.8053212,-6.17354160000001 106.805500797447,-6.1734119174432 106.8057321,-6.1732449 106.8067795,-6.17249679999999 106.8074737,-6.1720226 106.8079256,-6.1717484 106.8083082,-6.171541 106.8085816,-6.1713971</coordinates></LineString><LineString><coordinates>106.808604944256,-6.1715218195962 106.8085308,-6.1715543 106.8083739,-6.1716276 106.8080491,-6.1718 106.8076386,-6.1720397 106.807271,-6.1722975 106.8068496,-6.1725875 106.8057668,-6.1733465 106.805562007248,-6.17349762847301 106.8053848,-6.1736284 106.804532,-6.17426120000001 106.804421,-6.1743342 106.8042453,-6.1744444 106.8037311,-6.17472459999999 106.8034704,-6.17486099999999 106.8028511,-6.17520000000001 106.8028042,-6.1752268 106.8027516,-6.17526210000001 106.8026815,-6.17530510000001 106.8025689,-6.1753709 106.8024341,-6.1754712 106.8023521,-6.17553259999999 106.8017452,-6.1759823 106.8015715,-6.1761106 106.801444,-6.1762046 106.8013632,-6.17626180000001 106.8010579,-6.1764802 106.800201,-6.1770875 106.8000899,-6.1771613 106.8000493,-6.1771878 106.7999958,-6.1772237 106.799666,-6.1774522 106.7995786,-6.1775192 106.7993273,-6.17770509999999 106.7991302,-6.177836 106.7987772,-6.1780716 106.7984963,-6.17825690000001 106.7982581,-6.17841389999999 106.7980736,-6.17852319999999 106.7978713,-6.1786284 106.7976573,-6.1787348 106.7976105,-6.1787634 106.7971931,-6.1790101 106.7971051,-6.1790561 106.7968462,-6.17919129999999 106.7966215,-6.17931770000001 106.7965592,-6.17935149999999 106.7965129,-6.1793766 106.7964789,-6.179395 106.7963678,-6.1794593 106.7960227,-6.1796425 106.7959825,-6.1796629 106.7959055,-6.17969820000001 106.7957569,-6.1797591</coordinates></LineString></MultiGeometry>
  </Placemark>
  <Placemark>
	<Style><LineStyle><color>ff0000ff</color></LineStyle><PolyStyle><fill>0</fill></PolyStyle></Style>
	<ExtendedData><SchemaData schemaUrl="#Jalan_Ganjil_Genap">
		<SimpleData name="NAMOBJ">Jalan Kyai Caringin</SimpleData>
		<SimpleData name="SRS_ID">EPSG 32748</SimpleData>
		<SimpleData name="FCODE">CA02010160</SimpleData>
		<SimpleData name="KOTA">Kota Administrasi Jakarta Pusat</SimpleData>
		<SimpleData name="PERIODE">2025</SimpleData>
		<SimpleData name="METADATA">PEMBATASANLALIN5000DKIJAKARTA</SimpleData>
	</SchemaData></ExtendedData>
      <MultiGeometry><LineString><coordinates>106.8085816,-6.1713971 106.8086569,-6.17135949999999 106.8088179,-6.171309 106.8096509,-6.17116079999999 106.809925,-6.17110270000001 106.8104157,-6.1710111 106.8105645,-6.1709865 106.8108112,-6.17094129999999 106.8108238,-6.17093919999999</coordinates></LineString><LineString><coordinates>106.810845282549,-6.17112157788085 106.810637929201,-6.17115423558939 106.810481900939,-6.1711807699761 106.810237593529,-6.17122771542626 106.810007657144,-6.17126649644717 106.809818780827,-6.17129507193446 106.809652487548,-6.17131956520803 106.809469770241,-6.17135630511629 106.8091194,-6.1714169 106.8088326,-6.17146539999999 106.8087253,-6.171489 106.8086755,-6.17150240000001 106.8086075,-6.1715207 106.808604944256,-6.1715218195962</coordinates></LineString></MultiGeometry>
  </Placemark>
  <Placemark>
	<Style><LineStyle><color>ff0000ff</color></LineStyle><PolyStyle><fill>0</fill></PolyStyle></Style>
	<ExtendedData><SchemaData schemaUrl="#Jalan_Ganjil_Genap">
		<SimpleData name="NAMOBJ">Jalan M.H. Thamrin</SimpleData>
		<SimpleData name="SRS_ID">EPSG 32748</SimpleData>
		<SimpleData name="FCODE">CA02010160</SimpleData>
		<SimpleData name="KOTA">Kota Administrasi Jakarta Pusat</SimpleData>
		<SimpleData name="PERIODE">2025</SimpleData>
		<SimpleData name="METADATA">PEMBATASANLALIN5000DKIJAKARTA</SimpleData>
	</SchemaData></ExtendedData>
      <MultiGeometry><LineString><coordinates>106.822738595213,-6.18093959014418 106.822651216764,-6.18088442608253 106.822596248719,-6.18082874646308 106.822572394661,-6.18076791131662 106.822558551982,-6.18071865516363 106.82254615038,-6.18059007592332 106.822570953584,-6.18048615569256 106.822600630842,-6.18040230003901</coordinates></LineString><LineString><coordinates>106.822695855434,-6.19537560291386 106.822555894496,-6.19517833611335 106.822509831402,-6.19496874005702 106.822527547977,-6.19482607378621 106.822589555987,-6.19468693010222 106.822722430295,-6.19454954769352 106.822846446316,-6.19444563020941 106.822952745763,-6.19420785283377 106.822936800846,-6.19279703820557 106.822908454327,-6.19101458037688 106.822873021178,-6.19049322793814 106.822868592034,-6.18935540968022 106.822859733747,-6.18900050147144 106.822923513415,-6.18765484237546 106.822951859934,-6.18676008286 106.823001466342,-6.18595691161118 106.823013867944,-6.18542674746474 106.822997923027,-6.1851502164531 106.822951859934,-6.18473806168325 106.822936477948,-6.18449936621047 106.822911111813,-6.18410573814257 106.822875678664,-6.1830559737146 106.822790639107,-6.18169444728394 106.822780954093,-6.18152594494987 106.822769081535,-6.18131938314582 106.822762945973,-6.18121263507469 106.822738854496,-6.18094062124807 106.822738595213,-6.1809393323682</coordinates></LineString><LineString><coordinates>106.822772036704,-6.19450903749079 106.822931485873,-6.19445619808971 106.823083848413,-6.19445267546278 106.82331416388,-6.19451608274386 106.823419944463,-6.19457567508526 106.823508183641,-6.1947299830831 106.82357494039,-6.19493145414011 106.823558251202,-6.19509737142342 106.823479573606,-6.1952703993919 106.823330108797,-6.19541611305127</coordinates></LineString><LineString><coordinates>106.823086980641,-6.18038423148932 106.823087391728,-6.18038840020264 106.823123710706,-6.18044828645087 106.823167116313,-6.18054692260965 106.823178632086,-6.18065876894601 106.82314142728,-6.18079439360563 106.823110996727,-6.18083742186798 106.823044987173,-6.18091237478047</coordinates></LineString><LineString><coordinates>106.823045325452,-6.1809122178345 106.823045244481,-6.18093447535131 106.823039556977,-6.18102777362035 106.823028927033,-6.18112640967109 106.823055501894,-6.18158083981017 106.823069675154,-6.18183271371136 106.823089163386,-6.18221845043246 106.823163572998,-6.18327702327656 106.823234439296,-6.18409428938069 106.823269872445,-6.18477064658061 106.823269872445,-6.18548222978403 106.823234439296,-6.18625017493889 106.823234439296,-6.18657426155021 106.823163572998,-6.18803969418145 106.82312105322,-6.18887104357913 106.8230927067,-6.18966716508132 106.823071446811,-6.19068168985882 106.823085620071,-6.19154826156328 106.82310687996,-6.19250642049182 106.823142313109,-6.19344344188019 106.823173317114,-6.19415765537423 106.82318306123,-6.19422722729057 106.823400975095,-6.19454250244207 106.823419944463,-6.19457567508526 106.823420463327,-6.19457596739124</coordinates></LineString></MultiGeometry>
  </Placemark>
  <Placemark>
	<Style><LineStyle><color>ff0000ff</color></LineStyle><PolyStyle><fill>0</fill></PolyStyle></Style>
	<ExtendedData><SchemaData schemaUrl="#Jalan_Ganjil_Genap">
		<SimpleData name="NAMOBJ">Jalan Medan Merdeka Barat</SimpleData>
		<SimpleData name="SRS_ID">EPSG 32748</SimpleData>
		<SimpleData name="FCODE">CA02010160</SimpleData>
		<SimpleData name="KOTA">Kota Administrasi Jakarta Pusat</SimpleData>
		<SimpleData name="PERIODE">2025</SimpleData>
		<SimpleData name="METADATA">PEMBATASANLALIN5000DKIJAKARTA</SimpleData>
	</SchemaData></ExtendedData>
      <MultiGeometry><LineString><coordinates>106.822600630842,-6.18040230003901 106.822604615076,-6.18039104224315 106.8226084,-6.1802929 106.8226125,-6.1802049 106.8226181,-6.18010480000001 106.8226214,-6.1800471 106.8226265,-6.1798653 106.8226271,-6.179813 106.8226329,-6.179554 106.8226362,-6.17940959999999 106.8226432,-6.17914690000001 106.8226535,-6.1788532 106.8226566,-6.17875820000001 106.8226622,-6.1782751 106.8226708,-6.1779609 106.8227082,-6.1769253 106.8227115,-6.17670179999999 106.8227182,-6.17632520000001 106.8227192,-6.1762258 106.8227381,-6.17566229999999 106.8227484,-6.1754115 106.8227486,-6.17538999999999 106.8227538,-6.17487939999999 106.82276,-6.1746865 106.8227586,-6.17461289999999 106.822766,-6.17419079999999 106.8227652,-6.17414030000001 106.8227705,-6.17403819999999 106.822777,-6.17375090000001 106.8227832,-6.173425 106.8227825,-6.1733508 106.8228063,-6.172593 106.8228162,-6.1722176 106.8228215,-6.1721085 106.8228248,-6.1719491 106.8228166,-6.1718122 106.8228023,-6.17173130000001 106.8227832,-6.17167849999999 106.8227152,-6.1715326 106.822648,-6.17143069999999 106.8225471,-6.1713072 106.8224373,-6.1712456</coordinates></LineString><LineString><coordinates>106.8230531,-6.17131129999999 106.8230938,-6.1713628 106.8231237,-6.17141879999999 106.8231499,-6.1714732 106.8231728,-6.1715414 106.8231855,-6.1717207 106.8231891,-6.1719051 106.8231774,-6.17212400000001 106.8231626,-6.17252699999999 106.8231096,-6.1741872 106.8230902,-6.17462659999999 106.8230889,-6.1746795 106.8230564,-6.1756691 106.8230542,-6.1760737 106.8229715,-6.17925339999999 106.8229682,-6.17937680000001 106.822966,-6.17946320000001 106.8229804,-6.1797226 106.8229997,-6.17986860000001 106.8230297,-6.1800095 106.823078533441,-6.1802985708176 106.823086980641,-6.18038423148932</coordinates></LineString></MultiGeometry>
  </Placemark>
  <Placemark>
	<Style><LineStyle><color>ff0000ff</color></LineStyle><PolyStyle><fill>0</fill></PolyStyle></Style>
	<ExtendedData><SchemaData schemaUrl="#Jalan_Ganjil_Genap">
		<SimpleData name="NAMOBJ">Jalan Salemba Raya</SimpleData>
		<SimpleData name="SRS_ID">EPSG 32748</SimpleData>
		<SimpleData name="FCODE">CA02010160</SimpleData>
		<SimpleData name="KOTA">Kota Administrasi Jakarta Pusat</SimpleData>
		<SimpleData name="PERIODE">2025</SimpleData>
		<SimpleData name="METADATA">PEMBATASANLALIN5000DKIJAKARTA</SimpleData>
	</SchemaData></ExtendedData>
      <MultiGeometry><LineString><coordinates>106.85385059569,-6.1995996956451 106.8536481,-6.19940570000001 106.8535087,-6.1992811 106.8532003,-6.19899640000001 106.8531142,-6.1989202 106.8528512,-6.1986874 106.8528401,-6.19867699999999 106.8525066,-6.1983646 106.8523422,-6.1982096 106.8520705,-6.19797110000001 106.851981,-6.1978925 106.8519043,-6.1978136 106.851793,-6.1976963 106.851522,-6.1974382 106.8515057,-6.19742260000001 106.8514193,-6.19734030000001 106.8512848,-6.1971819 106.8512423,-6.1971174 106.8512107,-6.19708459999999 106.851134,-6.19701239999999 106.8510501,-6.19693389999999 106.8506831,-6.19656089999999 106.8504988,-6.1963623 106.8503248,-6.19615989999999 106.8501453,-6.1959164 106.8498898,-6.19550640000001 106.8498486,-6.19543320000001 106.849817,-6.195373 106.8496261,-6.19499109999999 106.8495518,-6.1948392 106.8492372,-6.19420869999999 106.8490375,-6.1938112 106.8489085,-6.1935563 106.8488224,-6.1933835 106.8486759,-6.1931035 106.8486048,-6.1929636 106.8485677,-6.19289130000001 106.848455101349,-6.19268058456474</coordinates></LineString><LineString><coordinates>106.8486255,-6.1925594 106.848779,-6.192854 106.8491788,-6.1936265 106.8491904,-6.19364720000001 106.8492745,-6.1938075 106.8493923,-6.1940292 106.849573,-6.1943723 106.8496019,-6.19443029999999 106.8496709,-6.19456400000001 106.8498156,-6.1948444 106.8498301,-6.19486779999999 106.8498874,-6.1949748 106.8499217,-6.19503550000001 106.8500121,-6.1951906 106.8500308,-6.1952244 106.8500435,-6.1952521 106.8500709,-6.1953083 106.8501178,-6.19539110000001 106.8501842,-6.19550179999999 106.8503555,-6.195804 106.8505105,-6.1960168 106.8505999,-6.1961437 106.8507461,-6.19630969999999 106.8507783,-6.19634509999999 106.8509144,-6.196483 106.8511377,-6.1967144 106.8511847,-6.19676170000001 106.8513634,-6.1969335 106.8515726,-6.19712000000001 106.8516381,-6.19718390000001 106.8516915,-6.19723189999999 106.8517625,-6.1972958 106.8519825,-6.197498 106.8522334,-6.1977123 106.8524307,-6.19790150000001 106.8526614,-6.19812880000001 106.8528601,-6.1983119 106.8529776,-6.19842300000001 106.8530418,-6.19848369999999 106.8533234,-6.1987501 106.853364001169,-6.19878856914395 106.853436718325,-6.19894465405402 106.853499355815,-6.19907496239899 106.85352687467,-6.19913221141454 106.853682143932,-6.1992915521286 106.85368882218,-6.19944259380271</coordinates></LineString><LineString><coordinates>106.851244583481,-6.19711555134303 106.851868999651,-6.19763009085919 106.852456685459,-6.19817450631704 106.853071084257,-6.19873219961819 106.853391640152,-6.1990226646457 106.853499355815,-6.19907496239899 106.853678804808,-6.19916208780209 106.853776378251,-6.19916208781515 106.8538013,-6.19918429999999 106.8538395,-6.19921990000001 106.8539072,-6.1992848 106.8539596,-6.19933 106.85405067249,-6.19941926467047</coordinates></LineString><LineString><coordinates>106.853363257599,-6.19878697309661 106.853364001169,-6.19878856914395 106.8533672,-6.1987916 106.8534711,-6.19889 106.853776378251,-6.19916208781515 106.853918102359,-6.19916208780208 106.85395147197,-6.19916208780355</coordinates></LineString></MultiGeometry>
  </Placemark>
  <Placemark>
	<Style><LineStyle><color>ff0000ff</color></LineStyle><PolyStyle><fill>0</fill></PolyStyle></Style>
	<ExtendedData><SchemaData schemaUrl="#Jalan_Ganjil_Genap">
		<SimpleData name="NAMOBJ">Jalan Pramuka</SimpleData>
		<SimpleData name="SRS_ID">EPSG 32748</SimpleData>
		<SimpleData name="FCODE">CA02010160</SimpleData>
		<SimpleData name="KOTA">Kota Administrasi Jakarta Pusat dan Kota Administrasi Jakarta Timur</SimpleData>
		<SimpleData name="PERIODE">2025</SimpleData>
		<SimpleData name="METADATA">PEMBATASANLALIN5000DKIJAKARTA</SimpleData>
	</SchemaData></ExtendedData>
      <MultiGeometry><LineString><coordinates>106.853639152712,-6.19903677294296 106.853796926316,-6.19908075763201 106.853900439157,-6.19909071642902 106.854003117217,-6.19907162873457 106.854160056041,-6.19903345334363 106.8544107,-6.1988319 106.854595,-6.1986848 106.8551708,-6.1982466 106.8555349,-6.1979906 106.8556295,-6.1979073 106.855700373401,-6.19781905566765 106.855700644333,-6.19781889353968</coordinates></LineString><LineString><coordinates>106.85395147197,-6.19916208780355 106.853997691141,-6.19916208780209 106.854172577756,-6.1990741184339 106.854387951248,-6.1989263962543 106.854960610997,-6.19848820887148 106.855306210322,-6.19822761999017 106.855777026792,-6.19789897905188 106.855993235065,-6.19775706585614 106.856126800021,-6.197710591351 106.856288747531,-6.19769150360662 106.856277895378,-6.19769731292021 106.856261199759,-6.19770312223373 106.856085895753,-6.19777947320537 106.855813757155,-6.19797035058618 106.855508227318,-6.19818114552648 106.855281166892,-6.19834712573516 106.85492054151,-6.19862929197007 106.854558246567,-6.19889817965349 106.854367916504,-6.19905752043825 106.853983917255,-6.19935130488396 106.853782471435,-6.1995351568949</coordinates></LineString><LineString><coordinates>106.853936334739,-6.19908158753176 106.854173412537,-6.19887079295127 106.854450559821,-6.19865169928225 106.854572437843,-6.19855045141963 106.854906350234,-6.19829982138101 106.855238593063,-6.19804919122333 106.855428923125,-6.19792636580456 106.855634279245,-6.19785748396935</coordinates></LineString><LineString><coordinates>106.854503985803,-6.1987512873249 106.85456075091,-6.19864671987963 106.854782802649,-6.19847576036097 106.855096680297,-6.19824172830869 106.855340436342,-6.1980591500398 106.855440610059,-6.19797450009369 106.855700373401,-6.19781905566765 106.8557009,-6.19781840000001 106.855727936311,-6.1978021801853 106.8559751,-6.1976539 106.8562615,-6.1974785 106.8564026,-6.19742190000001 106.8568669,-6.19710509999999 106.8570485,-6.19698540000001 106.8572365,-6.1968615 106.8573396,-6.1967936 106.8575998,-6.19662050000001 106.8576622,-6.19658059999999 106.8577288,-6.19653980000001 106.8578687,-6.19645399999999 106.8581179,-6.19629039999999 106.8584513,-6.19606410000001 106.8593807,-6.1954381 106.8597947,-6.19514869999999 106.8601073,-6.19490160000001 106.8605906,-6.19457479999999 106.8612102,-6.1941559 106.8612843,-6.19407859999999 106.8613749,-6.1940179 106.8614849,-6.1939442 106.8615905,-6.1939014 106.8616723,-6.1938683 106.8617799,-6.19380660000001 106.8620895,-6.19362890000001 106.8622803,-6.1935194 106.8623867,-6.1934675 106.8626432,-6.1933423 106.8628218,-6.1932552 106.8629322,-6.19321010000001 106.8630899,-6.1931456 106.8632807,-6.19306759999999 106.8634721,-6.1930032 106.8637149,-6.1929216 106.8640879,-6.19279640000001 106.8642916,-6.19273779999999 106.8644011,-6.19271149999999 106.8648436,-6.1926055 106.8651772,-6.1925356 106.8654598,-6.1924984 106.8661971,-6.1924068 106.8664424,-6.1923763 106.8668403,-6.1923364 106.8674259,-6.1922777 106.8678023,-6.19223989999999 106.8678504,-6.1922352 106.8684089,-6.1921803 106.8689259,-6.1921295 106.8696798,-6.19205199999999 106.8698609,-6.192032 106.8700437,-6.1920129 106.8700964,-6.19200699999999 106.870214,-6.19199829999999 106.8702319,-6.1919961 106.8703678,-6.19197919999999 106.8706714,-6.19194919999999 106.8708674,-6.1919298 106.8712932,-6.1919027 106.8714213,-6.19189459999999 106.8715647,-6.19188339999999 106.8718996,-6.1918796 106.8720984,-6.1918852 106.8722318,-6.19188899999999 106.8723606,-6.1918987 106.8726737,-6.1919221 106.8729099,-6.19193980000001 106.8735393,-6.1920265 106.8738472,-6.1920761 106.8739901,-6.19209919999999 106.874186,-6.1921259 106.8743972,-6.1921499 106.8744669,-6.1921579 106.8745892,-6.19214810000001 106.8747457,-6.1921626 106.8748502,-6.19217229999999 106.874945,-6.19218659999999 106.8749804,-6.19219150000001 106.8750302,-6.1921983 106.8751375,-6.19221470000001 106.8751875,-6.19222239999999</coordinates></LineString><LineString><coordinates>106.8562615,-6.1974785 106.8563482,-6.1973874 106.8564021,-6.1973308 106.8566518,-6.1971558 106.8568921,-6.1969873 106.8571618,-6.19680780000001 106.8571849,-6.19679250000001 106.8572914,-6.19672160000001 106.8574354,-6.19663320000001 106.857469,-6.19661119999999 106.8575124,-6.19658269999999 106.8575964,-6.1965255 106.8576094,-6.19651510000001 106.8576746,-6.19646930000001 106.8577902,-6.19639259999999 106.8581716,-6.19613960000001 106.8582007,-6.19611970000001 106.8582682,-6.19607469999999 106.8582957,-6.196055 106.8583953,-6.19598430000001 106.8584797,-6.1959287 106.8585805,-6.1958623 106.8585912,-6.19585499999999 106.8593081,-6.195366 106.8594749,-6.1952522 106.8597239,-6.1950823 106.8597909,-6.1950366 106.8603592,-6.19464879999999 106.8604404,-6.1945893 106.8607223,-6.1944087 106.8609694,-6.1942505 106.8611593,-6.19411799999999 106.8612843,-6.19407859999999</coordinates></LineString><LineString><coordinates>106.8746342,-6.1923759 106.8745698,-6.19235159999999 106.8744861,-6.19233219999999 106.8739862,-6.19225260000001 106.873824,-6.19222869999999 106.873569,-6.1921912 106.8734537,-6.19217220000001 106.8731486,-6.1921219 106.8731009,-6.1921171 106.8728683,-6.19209360000001 106.8724007,-6.19204650000001 106.8722644,-6.19203980000001 106.8719663,-6.192025 106.8717619,-6.1920323 106.8712425,-6.19205079999999 106.8707699,-6.1920925 106.8701488,-6.19214729999999 106.8700128,-6.19216199999999 106.8699763,-6.1921657 106.8692194,-6.19224159999999 106.8688423,-6.1922794 106.868663,-6.19229959999999 106.8683902,-6.1923303 106.8680857,-6.19235950000001 106.8677752,-6.1923893 106.8676252,-6.19240519999999 106.86719,-6.1924514 106.8669161,-6.19248049999999 106.866846,-6.1924873 106.8665563,-6.19251560000001 106.8662669,-6.1925438 106.8660242,-6.1925708 106.8656843,-6.19260859999999 106.8654909,-6.19263010000001 106.8654152,-6.19264180000001 106.8648793,-6.19274750000001 106.8644265,-6.1928498 106.8640342,-6.19296180000001 106.8635196,-6.1931409 106.863218,-6.1932459 106.862805,-6.19342739999999 106.8623936,-6.1936228 106.8622259,-6.1937163 106.8617059,-6.194003 106.8612233,-6.1943298 106.8609886,-6.19448869999999 106.8608457,-6.19458540000001 106.860748,-6.19465159999999 106.8606774,-6.1946989 106.8599338,-6.1951825 106.8597741,-6.195277 106.8593862,-6.1955351 106.8584966,-6.1961269 106.8582936,-6.19626430000001 106.8581625,-6.19635230000001 106.8579491,-6.19649230000001 106.8577686,-6.19661070000001 106.8577274,-6.1966389 106.8576357,-6.1967017 106.8573296,-6.1969084 106.8571727,-6.1970873</coordinates></LineString><LineString><coordinates>106.8614849,-6.1939442 106.8616351,-6.1938107 106.8617643,-6.19373 106.8622359,-6.1934683 106.8624109,-6.1933711 106.8625546,-6.1932985 106.8627707,-6.1931996 106.8628701,-6.1931542 106.8629319,-6.1931259 106.8630929,-6.19306479999999 106.8631828,-6.1930327 106.8631962,-6.19302789999999 106.8635647,-6.19289610000001 106.8636524,-6.19286639999999 106.863943,-6.192768 106.864329,-6.19264060000001 106.864378,-6.19262480000001 106.8644474,-6.19260249999999 106.8646467,-6.1925591 106.8649365,-6.19249490000001 106.865124,-6.19246480000001 106.8652921,-6.19243280000001 106.8654797,-6.192404 106.8659018,-6.19236129999999 106.8665655,-6.19228049999999 106.867075,-6.19222770000001 106.8679234,-6.19214510000001 106.8681237,-6.192128 106.8683992,-6.1921044 106.868498,-6.19209600000001 106.8685711,-6.19208980000001 106.8689519,-6.19205750000001 106.8690348,-6.1920461 106.8697403,-6.1919793 106.8698516,-6.19196849999999 106.8699404,-6.19196259999999 106.8700321,-6.1919554 106.8700943,-6.19194729999999 106.8701318,-6.19194319999999 106.8702163,-6.1919331 106.8702463,-6.19192960000001 106.8705118,-6.19190760000001 106.8713264,-6.19182700000001 106.8714253,-6.1918199 106.8715569,-6.1918168 106.8718471,-6.1918073 106.8722643,-6.1918209 106.8723653,-6.19182419999999 106.8723713,-6.19182439999999 106.8728343,-6.1918589 106.8734511,-6.1919415 106.8737533,-6.1919808 106.8738191,-6.19198940000001 106.8738307,-6.1919909 106.8738594,-6.1919943 106.8741995,-6.19203409999999 106.8744307,-6.1920606 106.8744991,-6.1920822 106.8745892,-6.19214810000001</coordinates></LineString><LineString><coordinates>106.8751485,-6.19244779999999 106.8751016,-6.1924425 106.8749865,-6.1924297 106.8749055,-6.1924199 106.8747863,-6.19240059999999 106.8746342,-6.1923759 106.8745769,-6.19239660000001 106.874544,-6.1924032 106.8744803,-6.1924013 106.8744239,-6.19239619999999 106.8740464,-6.19233519999999 106.8738285,-6.192299 106.8738134,-6.1922965 106.8736999,-6.19227770000001 106.8734861,-6.1922422 106.8734359,-6.1922339 106.873388,-6.19222589999999 106.8732011,-6.1921964 106.8725995,-6.192132 106.8724928,-6.1921206 106.8724627,-6.19211739999999 106.8723528,-6.1921056 106.8722031,-6.192101 106.8720876,-6.19209750000001 106.8718246,-6.1920925 106.8717425,-6.1920959 106.8713129,-6.19211380000001 106.871079,-6.1921341 106.8706375,-6.1921725 106.8704211,-6.19219129999999 106.8701875,-6.19221349999999 106.8701598,-6.19221610000001 106.8701185,-6.19222210000001 106.8699974,-6.19223309999999 106.8698977,-6.19224430000001 106.8696835,-6.19226810000001 106.8694258,-6.1922967 106.8693295,-6.1923069 106.8692672,-6.19231349999999 106.8692329,-6.1923171 106.8691794,-6.1923231 106.8689462,-6.19235139999999 106.8687519,-6.1923701 106.8685016,-6.1923946 106.8684873,-6.19239539999999 106.8684438,-6.1923988 106.8683933,-6.1924036 106.8682999,-6.1924124 106.867912,-6.192449 106.8677454,-6.1924647 106.8674708,-6.19249059999999 106.8672089,-6.1925153 106.8669458,-6.1925406 106.8669226,-6.19254270000001 106.8668305,-6.19255260000001 106.8667529,-6.1925577 106.8665441,-6.19257520000001 106.8664191,-6.1925856 106.866169,-6.192612 106.8658622,-6.1926443 106.865469,-6.1927103 106.8654574,-6.19271230000001 106.8652679,-6.19274510000001 106.8651762,-6.1927624 106.8650998,-6.1927771 106.8647583,-6.19284289999999 106.8644913,-6.1929018 106.8644553,-6.1929111 106.8643624,-6.1929394 106.8641849,-6.19298609999999 106.8638515,-6.193088 106.8632587,-6.1933029 106.8632001,-6.1933286 106.8627708,-6.1935168 106.8623432,-6.1937369 106.8620915,-6.19387249999999 106.8619711,-6.1939374 106.8617133,-6.1940855 106.8612773,-6.19437070000001 106.8612416,-6.194394 106.8611812,-6.19443530000001 106.8609617,-6.1945851 106.8608788,-6.19464009999999 106.8606216,-6.1948118 106.8604886,-6.19489540000001 106.860332,-6.1949938 106.8601567,-6.19511409999999 106.8600646,-6.19517509999999 106.8599326,-6.1952751 106.859828,-6.195344 106.859592,-6.195504 106.8594714,-6.1955809 106.8591045,-6.1958228 106.8590053,-6.19588820000001 106.8585492,-6.1961987 106.8585148,-6.1962221 106.8584382,-6.1962743 106.8584119,-6.1962915 106.858344,-6.19633550000001 106.8583098,-6.1963576 106.8579069,-6.196635 106.8578723,-6.1966588 106.8578313,-6.1966867 106.8577298,-6.1967543 106.8576857,-6.1967849 106.8576106,-6.1968364 106.857602,-6.1968423 106.8574052,-6.1969688 106.8573646,-6.1969949 106.8572247,-6.19706220000001 106.8571727,-6.1970873 106.8571071,-6.1971312 106.8566107,-6.1974635 106.8563761,-6.1976206 106.8563528,-6.19763619999999 106.856299875028,-6.19768407776022 106.8562406,-6.19773770000001 106.8561058,-6.1978691 106.8556439,-6.1981861 106.8552611,-6.19846499999999 106.8549952,-6.1986683 106.8548566,-6.1987742 106.8545722,-6.1990013 106.854246,-6.19926170000001 106.8542002,-6.1992988 106.8541313,-6.199353 106.853851082935,-6.19960015571313</coordinates></LineString></MultiGeometry>
  </Placemark>
</Folder>
</Document></kml>
